frequency,real,img,mag,phase,,,,
0,5.56551E-08,0,5.56551E-08,0,,,,
0.005,-9.10432E-06,-1.05764E-05,1.39553E-05,-2.281534122,,,,
0.01,-3.54473E-05,-1.17026E-05,3.73291E-05,-2.822718699,,,,
0.015,-7.82156E-05,-2.28951E-05,8.14977E-05,-2.85682983,,,,
0.02,-0.000135236,-4.67618E-05,0.000143092,-2.808682944,,,,
0.025,-0.000202866,-8.69878E-05,0.00022073,-2.736512944,,,,
0.03,-0.000279156,-0.00014405,0.000314131,-2.665211221,,,,
0.035,-0.000358504,-0.00022148,0.000421401,-2.588195303,,,,
0.04,-0.000437365,-0.000319296,0.000541514,-2.510985389,,,,
0.045,-0.000511197,-0.000437874,0.000673095,-2.43329862,,,,
0.05,-0.00057475,-0.000576188,0.000813837,-2.354945189,,,,
0.055,-0.000624802,-0.000732629,0.000962873,-2.276926093,,,,
0.06,-0.000657353,-0.000904429,0.001118081,-2.199293594,,,,
0.065,-0.000667057,-0.00108822,0.001276397,-2.120705367,,,,
0.07,-0.000651462,-0.001279767,0.001436039,-2.041655378,,,,
0.075,-0.000609964,-0.001474098,0.001595312,-1.963132164,,,,
0.08,-0.000541646,-0.001666515,0.001752328,-1.885043676,,,,
0.085,-0.000443751,-0.001851049,0.001903496,-1.806085338,,,,
0.09,-0.000320868,-0.002022461,0.002047756,-1.728137086,,,,
0.095,-0.000170924,-0.002175167,0.002181872,-1.649214904,,,,
0.1,-3.89081E-08,-0.002304086,0.002304086,-1.570813213,,,,
0.105,0.00018951,-0.00240558,0.002413033,-1.492179554,,,,
0.11,0.000391468,-0.002473613,0.002504398,-1.413840593,,,,
0.115,0.000601192,-0.002506819,0.002577901,-1.335418888,,,,
0.12,0.000813303,-0.002503699,0.002632484,-1.25670862,,,,
0.125,0.001019804,-0.002460704,0.002663656,-1.177907591,,,,
0.13,0.001213386,-0.002381878,0.002673134,-1.09963786,,,,
0.135,0.0013875,-0.002265362,0.002656505,-1.021247209,,,,
0.14,0.001536265,-0.002115451,0.00261443,-0.942694297,,,,
0.145,0.001653292,-0.001936303,0.002546103,-0.86407745,,,,
0.15,0.001732263,-0.001732511,0.002449965,-0.785469471,,,,
0.155,0.001768955,-0.001511191,0.002326564,-0.706976156,,,,
0.16,0.001758489,-0.001278223,0.002173968,-0.628543918,,,,
0.165,0.00169945,-0.001041486,0.001993194,-0.549804961,,,,
0.17,0.001590348,-0.000810453,0.001784948,-0.471303761,,,,
0.175,0.001431588,-0.000593562,0.001549761,-0.393044142,,,,
0.18,0.001224867,-0.000398522,0.001288068,-0.314556608,,,,
0.185,0.000972188,-0.000233766,0.000999897,-0.235973526,,,,
0.19,0.000679769,-0.00010787,0.000688275,-0.157373586,,,,
0.195,0.00035363,-2.80025E-05,0.000354737,-0.079021083,,,,
0.2,-5.09438E-08,-3.19155E-07,3.23196E-07,-1.729081534,,,,
0.205,-0.00037225,-2.93648E-05,0.000373407,-3.062871204,,,,
0.21,-0.000753085,-0.000119377,0.000762488,-2.984383565,,,,
0.215,-0.001133038,-0.000272232,0.001165284,-2.90579523,,,,
0.22,-0.001501713,-0.000488179,0.001579069,-2.827286878,,,,
0.225,-0.00184824,-0.000766046,0.002000704,-2.748672006,,,,
0.23,-0.002162375,-0.001102468,0.002427201,-2.670103062,,,,
0.235,-0.002434305,-0.001492152,0.002855233,-2.591692149,,,,
0.24,-0.002655143,-0.001929228,0.003282028,-2.513236234,,,,
0.245,-0.00281649,-0.002405612,0.003703996,-2.434713373,,,,
0.25,-0.002911367,-0.002911593,0.004117454,-2.356155665,,,,
0.255,-0.002934536,-0.0034361,0.00451866,-2.277625951,,,,
0.26,-0.002882696,-0.003967684,0.00490433,-2.199115713,,,,
0.265,-0.002753872,-0.004494424,0.005271021,-2.120524224,,,,
0.27,-0.002549062,-0.005003795,0.005615664,-2.041956063,,,,
0.275,-0.002270734,-0.005482717,0.005934342,-1.963451574,,,,
0.28,-0.001923174,-0.005919044,0.006223638,-1.884949494,,,,
0.285,-0.001512888,-0.006301408,0.006480476,-1.80642382,,,,
0.29,-0.001048611,-0.006619549,0.006702091,-1.727902054,,,,
0.295,-0.000540644,-0.006864459,0.006885717,-1.649393933,,,,
0.3,-4.57305E-07,-0.007028303,0.007028303,-1.570861393,,,,
0.305,0.000558906,-0.007105533,0.00712748,-1.492300064,,,,
0.31,0.001123406,-0.007093998,0.007182399,-1.413740459,,,,
0.315,0.001679173,-0.006990219,0.007189074,-1.335045739,,,,
0.32,0.002208737,-0.006798701,0.007148486,-1.256676233,,,,
0.325,0.002700475,-0.00652071,0.007057777,-1.17816163,,,,
0.33,0.003139533,-0.006162602,0.006916236,-1.099617878,,,,
0.335,0.003512749,-0.005732901,0.006723508,-1.021065499,,,,
0.34,0.003808414,-0.005242025,0.006479417,-0.942495256,,,,
0.345,0.00401627,-0.004702363,0.006184064,-0.863929031,,,,
0.35,0.00412826,-0.004128275,0.005838252,-0.785400058,,,,
0.355,0.004138674,-0.003534912,0.005442814,-0.706879331,,,,
0.36,0.004044482,-0.002938646,0.004999348,-0.628344093,,,,
0.365,0.003844727,-0.002356093,0.004509223,-0.549786486,,,,
0.37,0.003541515,-0.0018045,0.003974739,-0.471240575,,,,
0.375,0.003139667,-0.001300573,0.003398382,-0.392721046,,,,
0.38,0.002646696,-0.000860103,0.002782944,-0.314207006,,,,
0.385,0.002072815,-0.000497912,0.002131778,-0.235743836,,,,
0.39,0.001430283,-0.000226795,0.001448153,-0.15725757,,,,
0.395,0.000733961,-5.81256E-05,0.000736259,-0.079029423,,,,
0.4,5.50361E-08,-3.62309E-07,3.66465E-07,-1.420044876,,,,
0.405,-0.00075372,-5.97227E-05,0.000756082,-3.062520511,,,,
0.41,-0.001508608,-0.000239333,0.001527474,-2.98425873,,,,
0.415,-0.002245492,-0.00053937,0.002309362,-2.905857192,,,,
0.42,-0.002945211,-0.000957383,0.00309691,-2.827302729,,,,
0.425,-0.003588804,-0.001486971,0.003884661,-2.748788851,,,,
0.43,-0.004158596,-0.002119278,0.004667468,-2.670283529,,,,
0.435,-0.004637833,-0.00284227,0.005439485,-2.591782212,,,,
0.44,-0.005012167,-0.003641538,0.00619537,-2.513275949,,,,
0.445,-0.005269577,-0.004500284,0.006929719,-2.43477379,,,,
0.45,-0.005400209,-0.005400057,0.007636942,-2.356208561,,,,
0.455,-0.005398189,-0.006320524,0.008312007,-2.277650291,,,,
0.46,-0.005260396,-0.007240408,0.008949597,-2.199108654,,,,
0.465,-0.004991893,-0.008144102,0.009552245,-2.120680422,,,,
0.47,-0.004582015,-0.008992217,0.010092315,-2.042057419,,,,
0.475,-0.004051155,-0.009780044,0.010585892,-1.963506619,,,,
0.48,-0.003406536,-0.010484056,0.011023607,-1.884960715,,,,
0.485,-0.002661347,-0.011085113,0.011400109,-1.806419771,,,,
0.49,-0.001832187,-0.011567656,0.011711856,-1.727880232,,,,
0.495,-0.000938001,-0.011917923,0.011954779,-1.649339496,,,,
0.5,-7.41812E-08,-0.012126196,0.012126196,-1.570802444,,,,
0.505,0.000958956,-0.012185581,0.012223256,-1.492262234,,,,
0.51,0.001915299,-0.012093058,0.012243791,-1.413720942,,,,
0.515,0.002844672,-0.011849161,0.012185843,-1.335181665,,,,
0.52,0.00372307,-0.011458709,0.012048372,-1.256644214,,,,
0.525,0.004527165,-0.010929904,0.011830385,-1.178108946,,,,
0.53,0.005235101,-0.010274697,0.011531508,-1.099566611,,,,
0.535,0.00582689,-0.009508922,0.01115223,-1.021031709,,,,
0.54,0.006285316,-0.008651238,0.010693415,-0.942491116,,,,
0.545,0.006595992,-0.007722908,0.0101563,-0.863937558,,,,
0.55,0.006747744,-0.006747819,0.009542804,-0.785403696,,,,
0.555,0.006733462,-0.005751034,0.008855162,-0.706868107,,,,
0.56,0.006550665,-0.004759284,0.008097036,-0.628313202,,,,
0.565,0.006199537,-0.003799116,0.007271007,-0.549782835,,,,
0.57,0.00568613,-0.002897243,0.0063817,-0.471241067,,,,
0.575,0.005019805,-0.00207935,0.005433428,-0.392712411,,,,
0.58,0.004214496,-0.001369634,0.004431464,-0.314215298,,,,
0.585,0.003287487,-0.000789604,0.003380983,-0.235719555,,,,
0.59,0.002259777,-0.000358269,0.002288001,-0.15723315,,,,
0.595,0.001155161,-9.13027E-05,0.001158764,-0.078874962,,,,
0.6,5.73315E-08,-3.62314E-07,3.66822E-07,-1.413860359,,,,
0.605,-0.001177737,-9.30794E-05,0.00118141,-3.06272422,,,,
0.61,-0.002348827,-0.000372566,0.002378191,-2.984285422,,,,
0.615,-0.003484273,-0.000836583,0.003583299,-2.905950576,,,,
0.62,-0.004554354,-0.00147989,0.004788759,-2.827415393,,,,
0.625,-0.005531076,-0.002291023,0.005986785,-2.748897229,,,,
0.63,-0.006388002,-0.003255535,0.007169734,-2.670268536,,,,
0.635,-0.007101775,-0.004352129,0.008329239,-2.591798008,,,,
0.64,-0.007651417,-0.005559369,0.009457841,-2.513249444,,,,
0.645,-0.008020146,-0.006850083,0.010547341,-2.434717638,,,,
0.65,-0.008195369,-0.008195857,0.011590347,-2.356164699,,,,
0.655,-0.008168975,-0.009565547,0.012579023,-2.277607885,,,,
0.66,-0.00793828,-0.010926581,0.013505794,-2.19909418,,,,
0.665,-0.007505067,-0.012247559,0.014364147,-2.120560389,,,,
0.67,-0.006876476,-0.013496044,0.015146917,-2.042029225,,,,
0.675,-0.006064772,-0.014641478,0.015847849,-1.963499707,,,,
0.68,-0.005086872,-0.015655216,0.016460925,-1.884966226,,,,
0.685,-0.0039639,-0.016511637,0.016980773,-1.806404723,,,,
0.69,-0.002722554,-0.017187846,0.017402136,-1.727891071,,,,
0.695,-0.001390174,-0.017666325,0.017720937,-1.649325113,,,,
0.7,-2.51992E-07,-0.017932574,0.017932574,-1.570810379,,,,
0.705,0.001414669,-0.017979632,0.018035201,-1.492276325,,,,
0.71,0.002819217,-0.017803051,0.018024888,-1.413744576,,,,
0.715,0.004178712,-0.017405985,0.017900557,-1.335182045,,,,
0.72,0.005457416,-0.016796397,0.017660757,-1.256640499,,,,
0.725,0.006622222,-0.015987724,0.017304945,-1.178103133,,,,
0.73,0.007642234,-0.014998907,0.016833625,-1.099562234,,,,
0.735,0.008489264,-0.013853442,0.016247629,-1.021024763,,,,
0.74,0.009139301,-0.012579146,0.015548689,-0.942476953,,,,
0.745,0.00957254,-0.011208044,0.014739531,-0.863939752,,,,
0.75,0.009774423,-0.009774543,0.013823206,-0.78540435,,,,
0.755,0.009735941,-0.008315598,0.012803816,-0.706877253,,,,
0.76,0.009454277,-0.00686913,0.011686244,-0.628332074,,,,
0.765,0.008932128,-0.005473726,0.010475905,-0.549787702,,,,
0.77,0.008178552,-0.004167291,0.009179054,-0.471249702,,,,
0.775,0.007208225,-0.002985851,0.007802167,-0.392711699,,,,
0.78,0.00604207,-0.001963295,0.006353042,-0.314175323,,,,
0.785,0.004705634,-0.001129794,0.004839362,-0.235633738,,,,
0.79,0.003229633,-0.000511548,0.003269895,-0.157087117,,,,
0.795,0.001648536,-0.00012974,0.001653634,-0.078538057,,,,
0.8,6.30879E-08,5.11052E-09,6.32945E-08,0.080829827,,,,
0.805,-0.001675704,-0.000131995,0.001680895,-3.062985127,,,,
0.81,-0.003337495,-0.000528425,0.003379069,-2.984566368,,,,
0.815,-0.004943397,-0.001187071,0.005083927,-2.905922247,,,,
0.82,-0.006452762,-0.002096683,0.006784852,-2.827425876,,,,
0.825,-0.007826086,-0.003241673,0.008470896,-2.748893307,,,,
0.83,-0.009026938,-0.004599487,0.010131184,-2.670350889,,,,
0.835,-0.010022545,-0.006141708,0.011754658,-2.591822355,,,,
0.84,-0.010784657,-0.007835722,0.013330692,-2.513261395,,,,
0.845,-0.011290862,-0.009643242,0.014848424,-2.434737659,,,,
0.85,-0.011523872,-0.011523773,0.016297146,-2.356198815,,,,
0.855,-0.011473622,-0.01343387,0.017666716,-2.277655218,,,,
0.86,-0.011136879,-0.015328708,0.018947279,-2.199111466,,,,
0.865,-0.010517251,-0.017162904,0.02012903,-2.120566976,,,,
0.87,-0.009626209,-0.018892319,0.021203387,-2.042039091,,,,
0.875,-0.008480909,-0.020474482,0.022161458,-1.963499591,,,,
0.88,-0.007106076,-0.021869949,0.022995455,-1.884959686,,,,
0.885,-0.005532272,-0.023043317,0.023698112,-1.806418264,,,,
0.89,-0.003795604,-0.023964211,0.024262935,-1.727877817,,,,
0.895,-0.001936727,-0.024608074,0.024684169,-1.649337334,,,,
0.9,-2.66847E-08,-0.024956945,0.024956945,-1.570797396,,,,
0.905,0.0019678,-0.02499944,0.025076767,-1.492244543,,,,
0.91,0.003917327,-0.024733078,0.025041378,-1.413717014,,,,
0.915,0.00580058,-0.024161326,0.024847865,-1.335178472,,,,
0.92,0.007569265,-0.023296022,0.024494865,-1.25663984,,,,
0.925,0.009177581,-0.022156842,0.023982361,-1.178100446,,,,
0.93,0.010582765,-0.020770798,0.023311392,-1.099575956,,,,
0.935,0.011747003,-0.01916957,0.022482537,-1.021022352,,,,
0.94,0.012637339,-0.017393945,0.021500039,-0.94248165,,,,
0.945,0.013227036,-0.015487178,0.020366815,-0.863947811,,,,
0.95,0.013497042,-0.013496965,0.019087645,-0.785395298,,,,
0.955,0.013435303,-0.011474705,0.017668509,-0.706852832,,,,
0.96,0.013038379,-0.00947289,0.016116295,-0.628316192,,,,
0.965,0.012310802,-0.007543993,0.01443841,-0.549774236,,,,
0.97,0.011265422,-0.005739967,0.012643455,-0.471235199,,,,
0.975,0.009923452,-0.004110496,0.010741093,-0.392704879,,,,
0.98,0.008313123,-0.00270129,0.008740994,-0.31418028,,,,
0.985,0.00647105,-0.00155378,0.006654977,-0.235651371,,,,
0.99,0.004439016,-0.000703363,0.004494395,-0.157143729,,,,
0.995,0.002264779,-0.000178579,0.002271809,-0.07868755,,,,
1,5.68813E-08,-2.99656E-07,3.05006E-07,-1.383205864,,,,
1.005,-0.002300039,-0.000181463,0.002307186,-3.062860123,,,,
1.01,-0.004578974,-0.000725616,0.004636111,-2.984432583,,,,
1.015,-0.006779549,-0.001627849,0.006972243,-2.905942096,,,,
1.02,-0.008845952,-0.002874344,0.009301221,-2.827421172,,,,
1.025,-0.010724654,-0.004442273,0.011608273,-2.748895498,,,,
1.03,-0.012365839,-0.00630064,0.013878474,-2.670358227,,,,
1.035,-0.013725165,-0.008410611,0.01609716,-2.591823521,,,,
1.04,-0.014764331,-0.010726676,0.018249577,-2.5132847,,,,
1.045,-0.015452471,-0.013197444,0.020321206,-2.434742257,,,,
1.05,-0.015767146,-0.015766884,0.022297926,-2.356202801,,,,
1.055,-0.015694396,-0.018375606,0.024165615,-2.277659271,,,,
1.06,-0.015230215,-0.020962506,0.025911119,-2.199116827,,,,
1.065,-0.014379964,-0.023465954,0.027521525,-2.12057532,,,,
1.07,-0.013158942,-0.025825457,0.028984686,-2.042041817,,,,
1.075,-0.011591188,-0.02798342,0.030289065,-1.963497726,,,,
1.08,-0.009710662,-0.029885958,0.031423995,-1.884959377,,,,
1.085,-0.007560376,-0.031485142,0.03238014,-1.806459694,,,,
1.09,-0.005185553,-0.032739303,0.033147427,-1.727880639,,,,
1.095,-0.002645779,-0.033615616,0.033719575,-1.649341262,,,,
1.1,-1.65647E-07,-0.03408925,0.03408925,-1.570801186,,,,
1.105,0.002687144,-0.034145487,0.034251059,-1.492261284,,,,
1.11,0.005350046,-0.033779744,0.03420079,-1.413720733,,,,
1.115,0.007921942,-0.032997758,0.033935368,-1.335180294,,,,
1.12,0.010337458,-0.031815931,0.033453199,-1.256641734,,,,
1.125,0.012534162,-0.030260537,0.032753707,-1.178101836,,,,
1.13,0.014453986,-0.028367683,0.031837763,-1.099559397,,,,
1.135,0.016044663,-0.026182882,0.03070789,-1.021023945,,,,
1.14,0.017261785,-0.023759006,0.029367663,-0.942481741,,,,
1.145,0.018068855,-0.021156096,0.027822004,-0.863942299,,,,
1.15,0.01843947,-0.0184396,0.02607744,-0.785401688,,,,
1.155,0.01835727,-0.015678843,0.024141572,-0.70686631,,,,
1.16,0.017817314,-0.012945198,0.022023506,-0.628324452,,,,
1.165,0.016825682,-0.010310897,0.019733681,-0.549783282,,,,
1.17,0.015399549,-0.00784657,0.017283367,-0.471244481,,,,
1.175,0.013567638,-0.00561994,0.014685521,-0.392701623,,,,
1.18,0.011368097,-0.003693728,0.011953127,-0.314160022,,,,
1.185,0.008851548,-0.002125096,0.009103073,-0.235622361,,,,
1.19,0.006073559,-0.000961963,0.006149267,-0.15708051,,,,
1.195,0.003099331,-0.000243895,0.003108912,-0.078530956,,,,
1.2,-6.12203E-07,4.60736E-08,6.13935E-07,3.066475658,,,,
1.205,-0.003149758,-0.000247963,0.003159504,-3.063030101,,,,
1.21,-0.006272652,-0.000993502,0.006350843,-2.984511244,,,,
1.215,-0.009290618,-0.002230471,0.009554611,-2.905974143,,,,
1.22,-0.012126132,-0.00394041,0.012750291,-2.827404226,,,,
1.225,-0.014708293,-0.006092296,0.015920111,-2.74889812,,,,
1.23,-0.016966207,-0.00864462,0.019041577,-2.670358166,,,,
1.235,-0.01883943,-0.011544705,0.022095346,-2.591818286,,,,
1.24,-0.020275079,-0.014730676,0.025061358,-2.513275126,,,,
1.245,-0.021230348,-0.018132269,0.027919649,-2.434738699,,,,
1.25,-0.021673511,-0.021673103,0.030650685,-2.356203901,,,,
1.255,-0.021584729,-0.025272322,0.033235384,-2.277657563,,,,
1.26,-0.020957646,-0.028845759,0.035655304,-2.199114294,,,,
1.265,-0.019798829,-0.032308589,0.03789246,-2.120577298,,,,
1.27,-0.018128053,-0.035577989,0.039930184,-2.042038835,,,,
1.275,-0.01597803,-0.038574035,0.041752289,-1.963498552,,,,
1.28,-0.013394039,-0.041222392,0.04334381,-1.884957176,,,,
1.285,-0.010433206,-0.043455612,0.044690514,-1.806425269,,,,
1.29,-0.007161874,-0.045217931,0.045781587,-1.7278772,,,,
1.295,-0.003656719,-0.046460519,0.0466042,-1.649340357,,,,
1.3,-2.0306E-07,-0.047148758,0.047148758,-1.570800634,,,,
1.305,0.00371937,-0.047261466,0.047407593,-1.492260468,,,,
1.31,0.007410887,-0.046791152,0.047374393,-1.413718845,,,,
1.315,0.010981942,-0.045743918,0.047043694,-1.335181038,,,,
1.32,0.014342205,-0.044141314,0.046412869,-1.25664069,,,,
1.325,0.017404408,-0.042018447,0.045480362,-1.178101357,,,,
1.33,0.020087557,-0.039424254,0.044246828,-1.09955952,,,,
1.335,0.022318111,-0.036420037,0.042714367,-1.02101994,,,,
1.34,0.024032879,-0.033078673,0.04088738,-0.94248143,,,,
1.345,0.025180243,-0.029482396,0.038771849,-0.863939986,,,,
1.35,0.025721444,-0.025721615,0.036375736,-0.785401476,,,,
1.355,0.025632377,-0.021892268,0.033708903,-0.706861742,,,,
1.36,0.024903785,-0.018093807,0.030782858,-0.62832242,,,,
1.365,0.023542349,-0.014426861,0.027611167,-0.549781532,,,,
1.37,0.021570069,-0.01099051,0.024208659,-0.471239298,,,,
1.375,0.019025022,-0.007880535,0.020592579,-0.392704138,,,,
1.38,0.015959737,-0.005185675,0.016781074,-0.314161673,,,,
1.385,0.012440527,-0.00298677,0.012794041,-0.235624283,,,,
1.39,0.00854624,-0.00135362,0.008652775,-0.157082835,,,,
1.395,0.004368021,-0.000346471,0.004381741,-0.079154187,,,,
1.4,1.37384E-07,-1.4835E-08,1.38183E-07,-0.107565464,,,,
1.405,-0.004448924,-0.000350177,0.004462684,-3.063044143,,,,
1.41,-0.008871351,-0.001405197,0.008981951,-2.984500624,,,,
1.415,-0.013157451,-0.003158827,0.013531324,-2.905973002,,,,
1.42,-0.017197895,-0.005587594,0.018082832,-2.827451307,,,,
1.425,-0.020888345,-0.008652184,0.022609362,-2.748895692,,,,
1.43,-0.024130036,-0.012294749,0.027081719,-2.670357645,,,,
1.435,-0.026834152,-0.016443975,0.031471829,-2.591814337,,,,
1.44,-0.028923155,-0.021013803,0.035750928,-2.513276357,,,,
1.445,-0.030333179,-0.025906736,0.039890609,-2.434739,,,,
1.45,-0.031015646,-0.031015449,0.043862608,-2.356197672,,,,
1.455,-0.030939366,-0.036225147,0.047639329,-2.277657349,,,,
1.46,-0.030090946,-0.041416487,0.051193656,-2.199116538,,,,
1.465,-0.028474665,-0.04646609,0.054496826,-2.120578307,,,,
1.47,-0.026118725,-0.051260606,0.057531187,-2.042037413,,,,
1.475,-0.023062606,-0.055677579,0.060265053,-1.963498431,,,,
1.48,-0.019368551,-0.059609622,0.062677331,-1.884958785,,,,
1.485,-0.015115142,-0.062958506,0.064747517,-1.80641791,,,,
1.49,-0.0103961,-0.065637344,0.066455548,-1.727878427,,,,
1.495,-0.005318413,-0.067574262,0.067783231,-1.649339131,,,,
1.5,-2.57551E-07,-0.068714588,0.068714588,-1.570800075,,,,
1.505,0.005431976,-0.069021837,0.069235254,-1.492258827,,,,
1.51,0.010846011,-0.068479919,0.069333508,-1.413718722,,,,
1.515,0.016107439,-0.067093121,0.06899954,-1.335179608,,,,
1.52,0.021082792,-0.064886655,0.068225817,-1.256639299,,,,
1.525,0.025642472,-0.061907006,0.067007565,-1.17810068,,,,
1.53,0.029664624,-0.058220472,0.065342278,-1.099559994,,,,
1.535,0.03303741,-0.053912557,0.063230011,-1.021020947,,,,
1.54,0.035663021,-0.049086236,0.060673797,-0.942480687,,,,
1.545,0.037459238,-0.04385941,0.057678786,-0.8639411,,,,
1.55,0.038362802,-0.038363074,0.054253387,-0.785401714,,,,
1.555,0.038330511,-0.032737556,0.050408091,-0.706861467,,,,
1.56,0.037341408,-0.027130365,0.046156662,-0.628322819,,,,
1.565,0.035397694,-0.021691765,0.041515412,-0.549779345,,,,
1.57,0.032523955,-0.016571951,0.036502565,-0.471243001,,,,
1.575,0.028769744,-0.01191697,0.031140205,-0.392703596,,,,
1.58,0.024205907,-0.007865108,0.025451638,-0.314164221,,,,
1.585,0.018925825,-0.004543697,0.019463608,-0.235619879,,,,
1.59,0.013042248,-0.002065747,0.01320483,-0.157083956,,,,
1.595,0.006685255,-0.000526171,0.00670593,-0.078544335,,,,
1.6,1.65485E-07,1.67868E-08,1.66335E-07,0.101093853,,,,
1.605,-0.006856593,-0.000539844,0.006877812,-3.063021189,,,,
1.61,-0.013719543,-0.002173081,0.013890577,-2.984504586,,,,
1.615,-0.020419895,-0.004902548,0.021000168,-2.905965578,,,,
1.62,-0.026787983,-0.008704247,0.028166646,-2.827423128,,,,
1.625,-0.03265772,-0.013527188,0.03534843,-2.74889573,,,,
1.63,-0.037870076,-0.019295078,0.042502267,-2.670368204,,,,
1.635,-0.042279788,-0.025908645,0.049586675,-2.59182154,,,,
1.64,-0.045755277,-0.033242829,0.056556441,-2.513278786,,,,
1.645,-0.048184807,-0.041153394,0.063367006,-2.434738138,,,,
1.65,-0.049479017,-0.049478721,0.069973688,-2.356197477,,,,
1.655,-0.049573595,-0.058042941,0.076331674,-2.277657067,,,,
1.66,-0.048431348,-0.066659707,0.082396068,-2.199117173,,,,
1.665,-0.046044111,-0.075136788,0.088122625,-2.120577246,,,,
1.67,-0.042433637,-0.083280091,0.093467572,-2.042038188,,,,
1.675,-0.037651719,-0.090898602,0.098388047,-1.963498082,,,,
1.68,-0.031780279,-0.097808872,0.102842411,-1.884957909,,,,
1.685,-0.024930203,-0.103839446,0.106790194,-1.806420849,,,,
1.69,-0.017238126,-0.108835526,0.110192217,-1.727878396,,,,
1.695,-0.008867091,-0.112663245,0.113011646,-1.649338805,,,,
1.7,-3.41022E-07,-0.115213058,0.115213058,-1.570799287,,,,
1.705,0.009160903,-0.11640381,0.116763732,-1.492258859,,,,
1.71,0.018401589,-0.116184778,0.117632993,-1.413718978,,,,
1.715,0.027497858,-0.114537962,0.117792516,-1.33517914,,,,
1.72,0.036221866,-0.111480338,0.117217274,-1.256639429,,,,
1.725,0.044346829,-0.107063472,0.115884547,-1.178099743,,,,
1.73,0.051652624,-0.101374744,0.113775359,-1.09956047,,,,
1.735,0.057930779,-0.094535012,0.110873097,-1.02102031,,,,
1.74,0.062989863,-0.086698481,0.107165057,-0.94247984,,,,
1.745,0.066660454,-0.078049676,0.102641941,-0.863939954,,,,
1.75,0.068799476,-0.068799899,0.097297451,-0.785401238,,,,
1.755,0.069295333,-0.059184049,0.091129549,-0.706860378,,,,
1.76,0.068070154,-0.049456103,0.08413948,-0.628320852,,,,
1.765,0.065084032,-0.039883663,0.076332416,-0.549780015,,,,
1.77,0.060335898,-0.030742882,0.067716656,-0.471241614,,,,
1.775,0.053866662,-0.022312499,0.058304931,-0.392702204,,,,
1.78,0.045758411,-0.014867909,0.048113272,-0.314161244,,,,
1.785,0.036134951,-0.008675327,0.037161754,-0.235621875,,,,
1.79,0.025160288,-0.003985045,0.025473921,-0.157081447,,,,
1.795,0.013036125,-0.001025967,0.013076435,-0.078539926,,,,
1.8,2.35946E-07,-1.32516E-08,2.36318E-07,-0.056104554,,,,
1.805,-0.013678459,-0.001076585,0.013720761,-3.063047945,,,,
1.81,-0.027703649,-0.004388472,0.02804908,-2.984490314,,,,
1.815,-0.041759298,-0.01002545,0.04294588,-2.905974801,,,,
1.82,-0.055509383,-0.018036005,0.058365993,-2.82743481,,,,
1.825,-0.068611301,-0.028419572,0.074264276,-2.748895548,,,,
1.83,-0.08071789,-0.041127573,0.090591694,-2.670356174,,,,
1.835,-0.091485797,-0.056062328,0.107296951,-2.591815847,,,,
1.84,-0.10058279,-0.073077316,0.124326955,-2.513276459,,,,
1.845,-0.10769351,-0.091978341,0.141625942,-2.434737558,,,,
1.85,-0.112527505,-0.112527038,0.159137593,-2.356196564,,,,
1.855,-0.114824066,-0.134441212,0.176802165,-2.277656493,,,,
1.86,-0.114360043,-0.157402583,0.194560511,-2.199116408,,,,
1.865,-0.110953418,-0.181058712,0.212350932,-2.120577034,,,,
1.87,-0.104469174,-0.205031811,0.230112694,-2.042036184,,,,
1.875,-0.094824077,-0.228920584,0.247782646,-1.963503114,,,,
1.88,-0.081982426,-0.252314147,0.265298977,-1.884957706,,,,
1.885,-0.065972146,-0.274790911,0.282599308,-1.806418134,,,,
1.89,-0.046871834,-0.295933085,0.299622028,-1.727878063,,,,
1.895,-0.024817709,-0.315330052,0.31630517,-1.649338334,,,,
1.9,-6.95582E-07,-0.332589046,0.332589046,-1.570798418,,,,
1.905,0.027335531,-0.347339888,0.348413876,-1.492258546,,,,
1.91,0.056898054,-0.359244552,0.363722472,-1.413718576,,,,
1.915,0.088348627,-0.368001791,0.37845845,-1.335178899,,,,
1.92,0.121309385,-0.373354648,0.392568032,-1.256639226,,,,
1.925,0.155368358,-0.375094533,0.405999058,-1.178099258,,,,
1.93,0.190086178,-0.373067079,0.41870252,-1.099559542,,,,
1.935,0.225003671,-0.367173977,0.430631376,-1.021019259,,,,
1.94,0.259648715,-0.35737729,0.441741986,-0.942479783,,,,
1.945,0.293545735,-0.343699273,0.451993682,-0.863939958,,,,
1.95,0.326222415,-0.326223755,0.461349111,-0.785400218,,,,
1.955,0.357217857,-0.305094125,0.469773374,-0.706860376,,,,
1.96,0.386092861,-0.28051406,0.477237713,-0.628320524,,,,
1.965,0.412433938,-0.252740923,0.48371451,-0.54978062,,,,
1.97,0.435863183,-0.222084485,0.489181186,-0.471240903,,,,
1.975,0.45604388,-0.188900593,0.493618734,-0.392701016,,,,
1.98,0.472686789,-0.153586284,0.497012623,-0.314161249,,,,
1.985,0.485554803,-0.116572432,0.499352179,-0.235621469,,,,
1.99,0.49446691,-0.078316851,0.500630657,-0.157081579,,,,
1.995,0.499301973,-0.03929685,0.500845987,-0.078541673,,,,
2,0.500000015,-1.30728E-06,0.500000015,-2.61E-06,,,,
2.005,0.496563367,0.039079375,0.49809876,0.078537795,,,,
2.01,0.489056369,0.077457814,0.495152345,0.157077428,,,,
2.015,0.477604049,0.11466162,0.491175035,0.235617534,,,,
2.02,0.462389826,0.150238528,0.486185115,0.314157243,,,,
2.025,0.443651672,0.183765579,0.480204742,0.392697233,,,,
2.03,0.421678049,0.214854691,0.473259881,0.471237003,,,,
2.035,0.396802177,0.243159794,0.465380117,0.54977708,,,,
2.04,0.369396697,0.268381341,0.4565988,0.628316637,,,,
2.045,0.339865717,0.290271571,0.446952224,0.706856352,,,,
2.05,0.308638691,0.308637597,0.436480249,0.785396391,,,,
2.055,0.276162539,0.323343472,0.425225527,0.86393597,,,,
2.06,0.242893288,0.334312482,0.413233572,0.942475736,,,,
2.065,0.209288642,0.341526721,0.400552415,1.021015914,,,,
2.07,0.175800426,0.345026143,0.387232268,1.09955553,,,,
2.075,0.142866221,0.344907769,0.373325764,1.1780954,,,,
2.08,0.110902892,0.341321786,0.358887187,1.256635151,,,,
2.085,0.080299366,0.334468172,0.343972304,1.335175005,,,,
2.09,0.051411019,0.324592247,0.328638433,1.413714718,,,,
2.095,0.024553868,0.311979173,0.312943919,1.49225468,,,,
2.1,5.06881E-07,0.29694742,0.29694742,1.57079462,,,,
2.105,-0.022023671,0.279843365,0.280708659,1.64933444,,,,
2.11,-0.041343203,0.261033566,0.264287311,1.727874268,,,,
2.115,-0.057834022,0.240897936,0.247742991,1.80641399,,,,
2.12,-0.071424324,0.219822695,0.231135137,1.88495395,,,,
2.125,-0.082093665,0.198193016,0.214522356,1.963492951,,,,
2.13,-0.089872855,0.176386323,0.197962787,2.042033132,,,,
2.135,-0.094840254,0.154765017,0.181512766,2.120575648,,,,
2.14,-0.09711842,0.133672327,0.165227959,2.199113826,,,,
2.145,-0.096872914,0.113423994,0.149162206,2.277652997,,,,
2.15,-0.094304637,0.094304942,0.133367113,2.356192875,,,,
2.155,-0.089646104,0.076565314,0.117892626,2.434732318,,,,
2.16,-0.083155756,0.060416325,0.102786245,2.513273085,,,,
2.165,-0.075111662,0.046028705,0.088093152,2.591811816,,,,
2.17,-0.065797631,0.033536808,0.073851511,2.670218142,,,,
2.175,-0.055537562,0.023004507,0.06011346,2.748892098,,,,
2.18,-0.044607314,0.014493881,0.046902932,2.827431645,,,,
2.185,-0.033310956,0.007997411,0.03425753,2.905968721,,,,
2.19,-0.021934504,0.003474271,0.02220795,2.984504691,,,,
2.195,-0.01074792,0.000845849,0.010781152,3.063055665,,,,
2.2,-1.58785E-07,2.37025E-08,1.60545E-07,2.993412873,,,,
2.205,0.010083589,0.000793459,0.010114759,0.078526325,,,,
2.21,0.019306377,0.00305778,0.019547026,0.157077117,,,,
2.215,0.027502155,0.006602561,0.028283606,0.235615255,,,,
2.22,0.034537541,0.011222168,0.036314994,0.314165561,,,,
2.225,0.040313816,0.016698404,0.043635312,0.392696427,,,,
2.23,0.044766101,0.022809405,0.050242142,0.471237785,,,,
2.235,0.047864197,0.029331095,0.056136392,0.54977686,,,,
2.24,0.049611101,0.036044528,0.061322666,0.628317917,,,,
2.245,0.050040927,0.042738951,0.065808147,0.706857902,,,,
2.25,0.04921773,0.049217517,0.069604231,0.785396007,,,,
2.255,0.047230949,0.055300309,0.072724732,0.863937738,,,,
2.26,0.044193576,0.060827075,0.07518647,0.942476514,,,,
2.265,0.040237353,0.065661079,0.077009233,1.021015486,,,,
2.27,0.035509101,0.069690226,0.07821524,1.099555637,,,,
2.275,0.030166802,0.072828778,0.078829353,1.178095671,,,,
2.28,0.024374999,0.075018255,0.078878889,1.256635971,,,,
2.285,0.018300484,0.076226631,0.078392646,1.33517577,,,,
2.29,0.012108656,0.076448785,0.077401785,1.413712129,,,,
2.295,0.005958298,0.075705104,0.075939213,1.492254187,,,,
2.3,1.06334E-07,0.074038825,0.074038825,1.570794891,,,,
2.305,-0.005628288,0.071515126,0.071736259,1.649335106,,,,
2.31,-0.010804511,0.068217504,0.069067832,1.727874809,,,,
2.315,-0.015423778,0.064244996,0.066070511,1.806414578,,,,
2.32,-0.019400717,0.059709446,0.062782209,1.884954717,,,,
2.325,-0.022670287,0.054731142,0.059240525,1.963493933,,,,
2.33,-0.025189446,0.049437238,0.055484671,2.042033864,,,,
2.335,-0.026935559,0.043954838,0.051551451,2.120575027,,,,
2.34,-0.027907317,0.038411148,0.047478781,2.199114591,,,,
2.345,-0.028123341,0.032928381,0.043303587,2.277651973,,,,
2.35,-0.027620979,0.027621054,0.039062016,2.35619314,,,,
2.355,-0.026454036,0.022593936,0.034789395,2.434733109,,,,
2.36,-0.024690669,0.017938765,0.030519312,2.513275593,,,,
2.365,-0.022411559,0.01373382,0.026284897,2.591813966,,,,
2.37,-0.019705978,0.010040745,0.022116557,2.670351838,,,,
2.375,-0.016670298,0.006905087,0.018043809,2.748892369,,,,
2.38,-0.013404246,0.004355298,0.014094057,2.827433734,,,,
2.385,-0.010008283,0.002402781,0.010292671,2.905972786,,,,
2.39,-0.006580875,0.001042269,0.0066629,2.984518809,,,,
2.395,-0.003215872,0.000253193,0.003225824,3.063022504,,,,
2.4,5.05723E-08,-1.63153E-08,5.31389E-08,-0.312071179,,,,
2.405,0.002988891,0.000235382,0.002998145,0.07859022,,,,
2.41,0.005684017,0.000900196,0.005754859,0.157068649,,,,
2.415,0.008030525,0.001927866,0.008258693,0.235608591,,,,
2.42,0.009987069,0.003244826,0.010500974,0.314143912,,,,
2.425,0.011525545,0.004774023,0.012475155,0.392698034,,,,
2.43,0.012632335,0.006436613,0.014177654,0.471246283,,,,
2.435,0.013307714,0.008154657,0.015607488,0.549761174,,,,
2.44,0.01356743,0.009861786,0.016772894,0.628534196,,,,
2.445,0.01342531,0.011465595,0.017654994,0.706828097,,,,
2.45,0.012927305,0.012927329,0.018281988,0.785399087,,,,
2.455,0.012115572,0.014185386,0.018655087,0.863933583,,,,
2.46,0.01104091,0.015196609,0.018783999,0.942480935,,,,
2.465,0.00976115,0.015928548,0.018681506,1.021011997,,,,
2.47,0.008335881,0.01636002,0.018361295,1.099555741,,,,
2.475,0.006826792,0.016481397,0.017839325,1.178098579,,,,
2.48,0.005294478,0.016294716,0.017133279,1.256636823,,,,
2.485,0.003796096,0.015812659,0.016261935,1.335188094,,,,
2.49,0.002384748,0.015057012,0.015244692,1.413719849,,,,
2.495,0.001106556,0.014060481,0.014103957,1.492258515,,,,
2.5,3.61941E-08,0.012860988,0.012860988,1.570793513,,,,
2.505,-0.000905382,0.011503327,0.011538902,1.649340482,,,,
2.51,-0.001589516,0.010035525,0.010160626,1.727880332,,,,
2.515,-0.002042643,0.008508148,0.008749913,1.806417757,,,,
2.52,-0.002265292,0.006971566,0.007330367,1.884967624,,,,
2.525,-0.002267588,0.005474319,0.00592538,1.963503349,,,,
2.53,-0.002069427,0.004061343,0.004558184,2.0420488,,,,
2.535,-0.001698846,0.002772208,0.003251341,2.120584212,,,,
2.54,-0.001191393,0.001639725,0.002026848,2.19913996,,,,
2.545,-0.000588333,0.000688803,0.000905862,2.277687629,,,,
2.55,6.48953E-05,-6.49796E-05,9.18355E-05,-0.786046968,,,,
2.555,0.000720438,-0.000615409,0.000947501,-0.706936388,,,,
2.56,0.001329888,-0.00096626,0.001643856,-0.628338275,,,,
2.565,0.001846138,-0.001131314,0.002165201,-0.54977826,,,,
2.57,0.002225617,-0.001133363,0.002497575,-0.471008678,,,,
2.575,0.002429244,-0.001006294,0.002629421,-0.39272316,,,,
2.58,0.002425365,-0.000788237,0.002550238,-0.314229632,,,,
2.585,0.002189674,-0.000527579,0.002252335,-0.236433312,,,,
2.59,0.001708493,-0.000270611,0.001729791,-0.157086495,,,,
2.595,0.000976314,-7.68331E-05,0.000979332,-0.078535309,,,,
2.6,4.79261E-08,-1.29465E-08,4.9644E-08,-0.263836695,,,,
2.605,-0.00120291,-9.48136E-05,0.001206641,-3.062935109,,,,
2.61,-0.002604542,-0.0004125,0.002637004,-2.984520242,,,,
2.615,-0.004166239,-0.001000252,0.00428463,-2.905967248,,,,
2.62,-0.005840035,-0.001897827,0.006140664,-2.827389267,,,,
2.625,-0.007570204,-0.003135637,0.008193912,-2.748898581,,,,
2.63,-0.009293669,-0.004735311,0.010430505,-2.670358032,,,,
2.635,-0.010943434,-0.006706112,0.012834745,-2.591816147,,,,
2.64,-0.012449128,-0.009044651,0.015387869,-2.513283087,,,,
2.645,-0.013740257,-0.011735068,0.01806949,-2.434743548,,,,
2.65,-0.01474792,-0.014747809,0.02085663,-2.356198253,,,,
2.655,-0.015407893,-0.018040227,0.023724522,-2.277657334,,,,
2.66,-0.015662657,-0.021557623,0.026646762,-2.199118725,,,,
2.665,-0.015463357,-0.025233391,0.029594584,-2.120584104,,,,
2.67,-0.014772199,-0.028991768,0.032538293,-2.042039469,,,,
2.675,-0.013564789,-0.032747928,0.035446161,-1.963499405,,,,
2.68,-0.011831061,-0.036411788,0.038285667,-1.884959402,,,,
2.685,-0.009576778,-0.039889572,0.041023075,-1.806419075,,,,
2.69,-0.006824395,-0.043086643,0.043623745,-1.727879156,,,,
2.695,-0.003613413,-0.045910402,0.046052381,-1.649340159,,,,
2.7,-1.90535E-07,-0.048273525,0.048273525,-1.570800274,,,,
2.705,0.003942437,-0.050096153,0.050251043,-1.492260789,,,,
2.71,0.008126484,-0.051309821,0.051949375,-1.413720377,,,,
2.715,0.01244991,-0.051858753,0.053332265,-1.33518189,,,,
2.72,0.016799856,-0.051705051,0.054365867,-1.256639388,,,,
2.725,0.021053041,-0.050827135,0.0550148,-1.178101403,,,,
2.73,0.025080896,-0.04922444,0.055245786,-1.099560805,,,,
2.735,0.028751163,-0.04691788,0.05502651,-1.021019949,,,,
2.74,0.031932204,-0.043951037,0.054326414,-0.942479183,,,,
2.745,0.034495967,-0.040390163,0.053116259,-0.863945003,,,,
2.75,0.036322711,-0.036322996,0.051368272,-0.785402089,,,,
2.755,0.037303409,-0.031860386,0.0490574,-0.706862455,,,,
2.76,0.03734468,-0.027132402,0.046160506,-0.628316855,,,,
2.765,0.036371071,-0.022288294,0.042657038,-0.549780175,,,,
2.77,0.034329396,-0.017491815,0.038528834,-0.471241526,,,,
2.775,0.031190863,-0.012919807,0.033760796,-0.392702607,,,,
2.78,0.026953363,-0.008757657,0.028340436,-0.314158557,,,,
2.785,0.021643652,-0.005196309,0.02225869,-0.235625057,,,,
2.79,0.015317606,-0.002429044,0.015509007,-0.157268987,,,,
2.795,0.00806467,-0.000634632,0.008089602,-0.078530982,,,,
2.8,2.04747E-07,-5.92475E-08,2.13147E-07,-0.281676078,,,,
2.805,-0.00872783,-0.000687091,0.008754833,-3.063030578,,,,
2.81,-0.01794402,-0.002842003,0.018167687,-2.98451575,,,,
2.815,-0.027447611,-0.006589487,0.028227517,-2.905976686,,,,
2.82,-0.037014807,-0.012026701,0.038919628,-2.827436776,,,,
2.825,-0.046402511,-0.019220431,0.050225671,-2.748895756,,,,
2.83,-0.055352854,-0.028203571,0.062123908,-2.670355436,,,,
2.835,-0.063597857,-0.038972623,0.074589227,-2.591816154,,,,
2.84,-0.070864164,-0.051485783,0.087592897,-2.513274544,,,,
2.845,-0.076879474,-0.065660739,0.101102849,-2.434738335,,,,
2.85,-0.081377039,-0.081376589,0.115084194,-2.356197252,,,,
2.855,-0.084102643,-0.098470974,0.129498213,-2.277657527,,,,
2.86,-0.084820053,-0.116744108,0.144303944,-2.199117624,,,,
2.865,-0.083316472,-0.13595928,0.15945708,-2.120577811,,,,
2.87,-0.07940838,-0.155846637,0.17491102,-2.042038039,,,,
2.875,-0.072946383,-0.176106434,0.190616502,-1.963498845,,,,
2.88,-0.063819329,-0.196413917,0.206521993,-1.88495826,,,,
2.885,-0.051959503,-0.216424203,0.22257409,-1.806418609,,,,
2.89,-0.037344314,-0.23577865,0.238717761,-1.727878628,,,,
2.895,-0.019999597,-0.254110129,0.254895942,-1.649338867,,,,
2.9,-6.96594E-07,-0.271050568,0.271050568,-1.570798897,,,,
2.905,0.022526608,-0.286237379,0.287122422,-1.492259156,,,,
2.91,0.047406912,-0.299320758,0.303051698,-1.413719428,,,,
2.915,0.074416393,-0.309970422,0.318778077,-1.335179689,,,,
2.92,0.103285204,-0.317882178,0.3342408,-1.256639841,,,,
2.925,0.133700921,-0.322784935,0.349379522,-1.178099827,,,,
2.93,0.165309557,-0.324440539,0.364127606,-1.099560252,,,,
2.935,0.197735725,-0.32267718,0.378444156,-1.021020104,,,,
2.94,0.23055954,-0.317339717,0.392252721,-0.942480395,,,,
2.945,0.263351442,-0.308346554,0.405501639,-0.863940596,,,,
2.95,0.295665917,-0.295667546,0.418135902,-0.785400918,,,,
2.955,0.327049867,-0.279328512,0.430100027,-0.706861066,,,,
2.96,0.3570538,-0.259416201,0.441343609,-0.628321154,,,,
2.965,0.385236552,-0.236074642,0.451816819,-0.549781317,,,,
2.97,0.411174408,-0.209505078,0.461472396,-0.471241318,,,,
2.975,0.434469371,-0.179964405,0.470266755,-0.392701634,,,,
2.98,0.454755422,-0.14776032,0.478158558,-0.314161904,,,,
2.985,0.471706185,-0.113247944,0.485110113,-0.235622072,,,,
2.99,0.485040988,-0.076824253,0.49108729,-0.157082263,,,,
2.995,0.494530178,-0.038921659,0.496059465,-0.078542409,,,,
3,0.499999942,-1.52589E-06,0.499999942,-3.05E-06,,,,
3.005,0.50133573,0.039454995,0.502885883,0.078537869,,,,
3.01,0.498485452,0.078951052,0.504698934,0.157077114,,,,
3.015,0.491459891,0.117987704,0.505424498,0.2356168,,,,
3.02,0.480333987,0.156068549,0.505052602,0.314156584,,,,
3.025,0.465245614,0.192709682,0.503577703,0.392696585,,,,
3.03,0.446393522,0.227447405,0.500998501,0.47123631,,,,
3.035,0.424034239,0.25984693,0.497318271,0.549775995,,,,
3.04,0.39847783,0.289509669,0.492544851,0.628316197,,,,
3.045,0.37008319,0.316079078,0.486690406,0.706855493,,,,
3.05,0.339250725,0.339249015,0.479771767,0.785395644,,,,
3.055,0.30641692,0.358766225,0.471809848,0.863935374,,,,
3.06,0.272045563,0.374436598,0.46282994,0.942475261,,,,
3.065,0.236620605,0.386127515,0.452861754,1.021015053,,,,
3.07,0.200637033,0.393769923,0.441938877,1.099554936,,,,
3.075,0.164592632,0.397359085,0.430098799,1.178094861,,,,
3.08,0.128979373,0.396954186,0.417382683,1.256634464,,,,
3.085,0.094274503,0.392677343,0.403835583,1.335174437,,,,
3.09,0.060933082,0.38471017,0.389505784,1.413714217,,,,
3.095,0.029379539,0.373290569,0.374444931,1.492254022,,,,
3.1,8.90481E-07,0.358707012,0.358707012,1.570793844,,,,
3.105,-0.026859691,0.341294354,0.342349644,1.649333938,,,,
3.11,-0.050907955,0.321425367,0.325431846,1.727873466,,,,
3.115,-0.07190419,0.2995054,0.308015742,1.806413583,,,,
3.12,-0.089665158,0.275963307,0.290164759,1.884953114,,,,
3.125,-0.104060377,0.251246988,0.271944132,1.963463024,,,,
3.13,-0.115050016,0.225798686,0.253419717,2.042034658,,,,
3.135,-0.122609887,0.200082295,0.234661691,2.120572494,,,,
3.14,-0.12680572,0.174533896,0.21573542,2.199112689,,,,
3.145,-0.127752843,0.149580086,0.196710424,2.27765228,,,,
3.15,-0.125621019,0.125621621,0.177655374,2.356192095,,,,
3.155,-0.120629828,0.103028004,0.158638977,2.434732398,,,,
3.16,-0.113042902,0.082130916,0.13972897,2.513271573,,,,
3.165,-0.103162671,0.063218373,0.120992146,2.591812477,,,,
3.17,-0.091323436,0.04653135,0.102494568,2.67035606,,,,
3.175,-0.077883596,0.032260645,0.084300675,2.748891345,,,,
3.18,-0.063219513,0.020541371,0.066472962,2.827431877,,,,
3.185,-0.047716243,0.011455918,0.04907217,2.905968028,,,,
3.19,-0.031760433,0.005030357,0.032156331,2.984513068,,,,
3.195,-0.01573278,0.001238249,0.015781433,3.063049541,,,,
3.2,-4.07697E-07,1.30799E-07,4.28165E-07,2.831141142,,,,
3.205,0.015090473,0.001187552,0.015137128,0.078533636,,,,
3.21,0.029219391,0.00462882,0.029583759,0.157110462,,,,
3.215,0.04210166,0.010107531,0.043297944,0.235615332,,,,
3.22,0.053486099,0.017378463,0.056238543,0.314155477,,,,
3.225,0.063165993,0.026163997,0.068370297,0.392696189,,,,
3.23,0.070978983,0.036165421,0.079661495,0.471236918,,,,
3.235,0.076809572,0.047068543,0.090084172,0.549774712,,,,
3.24,0.08058901,0.058552477,0.099614161,0.628327735,,,,
3.245,0.082301904,0.070292134,0.108233948,0.706856007,,,,
3.25,0.081972249,0.081971776,0.115925931,0.785395277,,,,
3.255,0.079670877,0.093291792,0.122681731,0.863986582,,,,
3.26,0.075526175,0.103953119,0.128493012,0.942478972,,,,
3.265,0.069679686,0.113706396,0.133358176,1.021015584,,,,
3.27,0.062324096,0.122317293,0.137280054,1.099555335,,,,
3.275,0.053677332,0.129587663,0.140264815,1.178094847,,,,
3.28,0.043980563,0.135357106,0.142322999,1.256634566,,,,
3.285,0.033492688,0.139505491,0.143469656,1.335174284,,,,
3.29,0.022483627,0.141953927,0.143723452,1.413714403,,,,
3.295,0.011228374,0.14266614,0.143107316,1.492254382,,,,
3.3,2.43696E-07,0.14164704,0.14164704,1.570794606,,,,
3.305,-0.010934679,0.138943669,0.139373277,1.649333105,,,,
3.31,-0.021324642,0.134640658,0.136318917,1.727873471,,,,
3.315,-0.030936171,0.12885916,0.132520677,1.806414484,,,,
3.32,-0.039559528,0.121752406,0.128017986,1.884953909,,,,
3.325,-0.047013595,0.113501557,0.12285309,1.963493231,,,,
3.33,-0.053148739,0.104310752,0.117070583,2.042033373,,,,
3.335,-0.057849447,0.094402326,0.110717468,2.120572169,,,,
3.34,-0.061037065,0.084010667,0.103842744,2.199112855,,,,
3.345,-0.062669707,0.073377112,0.096497113,2.27765257,,,,
3.35,-0.062743366,0.062743463,0.088732588,2.356193715,,,,
3.355,-0.061290681,0.05234739,0.08060271,2.434732389,,,,
3.36,-0.058379746,0.042415485,0.072161403,2.513272815,,,,
3.365,-0.054111562,0.033159898,0.06346369,2.591810033,,,,
3.37,-0.048617409,0.024772036,0.054564697,2.670350024,,,,
3.375,-0.042054346,0.017419665,0.045519366,2.748889832,,,,
3.38,-0.034602301,0.0112429,0.036382991,2.827435189,,,,
3.385,-0.026458109,0.006352042,0.027209924,2.905972765,,,,
3.39,-0.017831188,0.002824307,0.018053475,2.984506193,,,,
3.395,-0.008938885,0.00070353,0.008966527,3.063050131,,,,
3.4,-3.64181E-07,-2.51726E-07,4.42712E-07,-2.536788975,,,,
3.405,0.008768695,0.000690042,0.008795804,0.078531913,,,,
3.41,0.017159734,0.002717781,0.017373624,0.157076579,,,,
3.415,0.024977695,0.005996584,0.025687434,0.235618298,,,,
3.42,0.032044684,0.01041185,0.033693744,0.314156479,,,,
3.425,0.03820318,0.015823918,0.041350687,0.392691111,,,,
3.43,0.043321773,0.02207338,0.048621087,0.471235848,,,,
3.435,0.047294411,0.028982121,0.055468231,0.549779773,,,,
3.44,0.05004543,0.036360031,0.061859493,0.628317196,,,,
3.445,0.051529415,0.044010018,0.067765495,0.706855429,,,,
3.45,0.051731701,0.051731499,0.07315953,0.785396206,,,,
3.455,0.050669342,0.059325744,0.078018755,0.863934377,,,,
3.46,0.048388507,0.066600573,0.082323046,0.94247428,,,,
3.465,0.044964514,0.073374982,0.086056351,1.021014963,,,,
3.47,0.040498858,0.079482908,0.089205886,1.099554497,,,,
3.475,0.035116123,0.084776949,0.091762047,1.178093611,,,,
3.48,0.028961298,0.089132591,0.093719664,1.256633372,,,,
3.485,0.02219529,0.09244883,0.095075849,1.335173917,,,,
3.49,0.014991737,0.094652419,0.095832315,1.413713944,,,,
3.495,0.007531759,0.095697516,0.095993448,1.492254425,,,,
3.5,2.65488E-07,0.09556716,0.09556716,1.570793549,,,,
3.505,-0.007419221,0.09427341,0.094564902,1.649333431,,,,
3.51,-0.014548354,0.091856055,0.093001018,1.727873671,,,,
3.515,-0.021218362,0.088381718,0.090893052,1.806413513,,,,
3.52,-0.027274094,0.083941523,0.088261291,1.884953862,,,,
3.525,-0.032577202,0.078648775,0.085128749,1.963493369,,,,
3.53,-0.037009851,0.07263625,0.081521493,2.042033398,,,,
3.535,-0.040476369,0.066051775,0.077467241,2.120572726,,,,
3.54,-0.042906655,0.059056387,0.07299752,2.199111284,,,,
3.545,-0.044254312,0.051815236,0.068141491,2.277653775,,,,
3.55,-0.04450259,0.044503071,0.062936507,2.356189088,,,,
3.555,-0.043660528,0.037289844,0.057417542,2.434731256,,,,
3.56,-0.041762255,0.030342157,0.051621046,2.513272519,,,,
3.565,-0.038868314,0.023818669,0.045585906,2.591811397,,,,
3.57,-0.035062085,0.017865062,0.039351114,2.670352908,,,,
3.575,-0.03044768,0.012611885,0.032956348,2.748892353,,,,
3.58,-0.025148041,0.008171126,0.026442225,2.827432251,,,,
3.585,-0.019301033,0.004633866,0.019849499,2.9059684,,,,
3.59,-0.013055301,0.002067854,0.013218052,2.984505721,,,,
3.595,-0.00656803,0.000516766,0.006588328,3.063075461,,,,
3.6,9.05668E-08,-2.52567E-08,9.40226E-08,-0.271964449,,,,
3.605,0.006487599,0.000510602,0.006507661,0.078542399,,,,
3.61,0.012737839,0.002017442,0.012896612,0.157077073,,,,
3.615,0.018601679,0.004465796,0.019130233,0.235615772,,,,
3.62,0.023940756,0.007778962,0.025172844,0.314164524,,,,
3.625,0.02863119,0.011859335,0.030990141,0.392696337,,,,
3.63,0.032566294,0.016593277,0.036549971,0.47123698,,,,
3.635,0.035658924,0.021851686,0.041821705,0.549776058,,,,
3.64,0.037843779,0.027495041,0.04677744,0.628317245,,,,
3.645,0.03907778,0.033375346,0.05139053,0.706854939,,,,
3.65,0.039341432,0.039341241,0.055637051,0.785395742,,,,
3.655,0.038639511,0.045240749,0.05949569,0.863934642,,,,
3.66,0.036999412,0.050925365,0.062947194,0.942478202,,,,
3.665,0.034472664,0.056253805,0.065976171,1.021013884,,,,
3.67,0.031129262,0.061094336,0.068567841,1.099555566,,,,
3.675,0.0270605,0.065329331,0.070712036,1.178094569,,,,
3.68,0.022373154,0.068856998,0.072400581,1.256634964,,,,
3.685,0.017188211,0.071593521,0.073627895,1.335175203,,,,
3.69,0.01163758,0.073475742,0.074391652,1.413714489,,,,
3.695,0.005860455,0.074461706,0.074691971,1.492253948,,,,
3.7,2.28467E-07,0.074532163,0.074532163,1.570793261,,,,
3.705,-0.005799365,0.07368995,0.073917801,1.649333985,,,,
3.71,-0.011397217,0.071960227,0.072857195,1.727873746,,,,
3.715,-0.016658887,0.06938986,0.071361552,1.806413804,,,,
3.72,-0.02145926,0.066045143,0.06944394,1.884954122,,,,
3.725,-0.025685742,0.062011379,0.067120552,1.963492488,,,,
3.73,-0.029241211,0.057389378,0.064409542,2.042033318,,,,
3.735,-0.032045101,0.052293091,0.061330709,2.120573003,,,,
3.74,-0.034036587,0.04684748,0.057906612,2.199113469,,,,
3.745,-0.035175152,0.041184866,0.054161651,2.277654021,,,,
3.75,-0.035440722,0.035441256,0.050121127,2.356186946,,,,
3.755,-0.03483621,0.029752958,0.045812662,2.434733906,,,,
3.76,-0.033383869,0.024254828,0.041264748,2.51327359,,,,
3.765,-0.031127477,0.019074956,0.036507174,2.591813609,,,,
3.77,-0.028130009,0.014333037,0.031571085,2.67035145,,,,
3.775,-0.024471389,0.010136387,0.026487643,2.748893378,,,,
3.78,-0.020247393,0.006578757,0.021289362,2.827434258,,,,
3.785,-0.015566308,0.003737186,0.016008639,2.905970438,,,,
3.79,-0.010546913,0.001670458,0.01067838,2.984513866,,,,
3.795,-0.005314932,0.000418201,0.005331359,3.063070335,,,,
3.8,-6.38411E-08,2.43783E-08,6.83373E-08,2.77682275,,,,
3.805,0.005266835,0.0004146,0.005283128,0.078556909,,,,
3.81,0.010357608,0.001640453,0.010486712,0.15707674,,,,
3.815,0.01514933,0.003636894,0.015579769,0.235610798,,,,
3.82,0.01952748,0.006344803,0.020532389,0.31415649,,,,
3.825,0.023388578,0.009687745,0.025315568,0.392694669,,,,
3.83,0.026642865,0.013575147,0.029901954,0.471236785,,,,
3.835,0.029215932,0.017903581,0.034265272,0.549779581,,,,
3.84,0.031050954,0.022559671,0.038380992,0.628314993,,,,
3.845,0.03210898,0.027423523,0.042226014,0.706855895,,,,
3.85,0.032371106,0.03237098,0.045779568,0.785396218,,,,
3.855,0.031837393,0.037277063,0.049022434,0.863941484,,,,
3.86,0.030528135,0.042018129,0.051937368,0.942475046,,,,
3.865,0.028481248,0.046476982,0.054509553,1.021015787,,,,
3.87,0.025753155,0.050543373,0.056726163,1.099557108,,,,
3.875,0.022416394,0.054117529,0.05857646,1.17809441,,,,
3.88,0.018557355,0.057113235,0.060052453,1.256634848,,,,
3.885,0.014274871,0.059458549,0.061148107,1.335174717,,,,
3.89,0.009677191,0.061098237,0.061859862,1.413713802,,,,
3.895,0.004879199,0.061994855,0.062186563,1.49225494,,,,
3.9,1.74711E-07,0.062128985,0.062128985,1.570793515,,,,
3.905,-0.004840057,0.061500198,0.06169036,1.649334299,,,,
3.91,-0.009523368,0.060128925,0.060878421,1.727874047,,,,
3.915,-0.013936138,0.058048728,0.059698164,1.80641368,,,,
3.92,-0.017972746,0.055314494,0.058161094,1.884955225,,,,
3.925,-0.021537098,0.051995423,0.056279398,1.963493584,,,,
3.93,-0.024545784,0.048173947,0.054066854,2.042034101,,,,
3.935,-0.026929328,0.043944884,0.051539708,2.120572859,,,,
3.94,-0.028634171,0.039411792,0.048715553,2.199112003,,,,
3.945,-0.02962406,0.034685457,0.045614316,2.277652706,,,,
3.95,-0.029879793,0.029879955,0.042256523,2.356191772,,,,
3.955,-0.029400875,0.025110873,0.038664808,2.434731282,,,,
3.96,-0.028204504,0.020491803,0.034862703,2.513273399,,,,
3.965,-0.026325269,0.016132183,0.030875024,2.591812895,,,,
3.97,-0.023814301,0.012134044,0.026727438,2.670352045,,,,
3.975,-0.020737719,0.008589975,0.022446395,2.748888174,,,,
3.98,-0.01717516,0.005580572,0.01805904,2.827432102,,,,
3.985,-0.013217286,0.003173225,0.013592866,2.905970653,,,,
3.99,-0.008964007,0.001419736,0.009075741,2.984515512,,,,
3.995,-0.004521584,0.000353191,0.004535357,3.063638604,,,,
4,-4.50521E-08,5.1107E-09,4.53411E-08,3.028635808,,,,
4.005,0.004489025,0.000352957,0.004502879,0.078465273,,,,
4.01,0.008836163,0.001399483,0.008946303,0.157076571,,,,
4.015,0.01293574,0.00310555,0.013303301,0.235616059,,,,
4.02,0.016689121,0.005422475,0.017547934,0.314151159,,,,
4.025,0.020006808,0.008287,0.021655179,0.392695204,,,,
4.03,0.022810486,0.011622466,0.025600781,0.471236908,,,,
4.035,0.025035121,0.015341607,0.029361917,0.549780593,,,,
4.04,0.026630351,0.019347894,0.032916813,0.628313895,,,,
4.045,0.02756113,0.023539381,0.036245253,0.706857334,,,,
4.05,0.027809483,0.027809397,0.039328487,0.785396627,,,,
4.055,0.027373838,0.032050409,0.042149208,0.863934311,,,,
4.06,0.026269329,0.036156538,0.044691978,0.94247658,,,,
4.065,0.024527926,0.040025593,0.046943235,1.021013784,,,,
4.07,0.022196189,0.043562251,0.048891109,1.099555354,,,,
4.075,0.019335615,0.046680107,0.050526215,1.178095755,,,,
4.08,0.016019315,0.049302638,0.051839836,1.256638593,,,,
4.085,0.012332266,0.051367032,0.052826667,1.335174429,,,,
4.09,0.008366613,0.052824007,0.053482482,1.413714612,,,,
4.095,0.004221676,0.053639746,0.053805621,1.492253984,,,,
4.1,9.43578E-08,0.053796211,0.053796211,1.570794573,,,,
4.105,-0.004194021,0.053291758,0.053456537,1.649333685,,,,
4.11,-0.008258202,0.052141119,0.052791043,1.727873341,,,,
4.115,-0.012093723,0.050374132,0.051805514,1.8064151,,,,
4.12,-0.015607696,0.048035797,0.050507801,1.884954064,,,,
4.125,-0.018716234,0.045185374,0.048908235,1.963492372,,,,
4.13,-0.021345923,0.04189386,0.047018548,2.042033992,,,,
4.135,-0.023435074,0.038242881,0.044852209,2.120571356,,,,
4.14,-0.024935999,0.0343216,0.04242377,2.199112904,,,,
4.145,-0.025815509,0.030226141,0.03974997,2.277653651,,,,
4.15,-0.026056028,0.026056025,0.036848787,2.35619455,,,,
4.155,-0.025655356,0.021911842,0.033739089,2.434732114,,,,
4.16,-0.024627659,0.017893113,0.030441503,2.51327222,,,,
4.165,-0.023001836,0.014095641,0.026977242,2.591810847,,,,
4.17,-0.020821398,0.010609087,0.023368426,2.670351653,,,,
4.175,-0.018143214,0.007515235,0.0196381,2.748890306,,,,
4.18,-0.015035825,0.00488545,0.015809607,2.827432507,,,,
4.185,-0.011578185,0.002775711,0.011906257,2.906297066,,,,
4.19,-0.007857222,0.001244637,0.00795519,2.984491271,,,,
4.195,-0.003965742,0.000312071,0.003978002,3.063062829,,,,
4.2,-1.19098E-07,1.20804E-08,1.19709E-07,3.040505704,,,,
4.205,0.003942016,0.000310242,0.003954205,0.078539528,,,,
4.21,0.007764039,0.001229743,0.007860825,0.157084703,,,,
4.215,0.011372898,0.002730348,0.011696051,0.235615894,,,,
4.22,0.014681412,0.004770251,0.015436941,0.314157512,,,,
4.225,0.017610247,0.007294284,0.019061148,0.392693303,,,,
4.23,0.02008974,0.010236154,0.022547206,0.471235721,,,,
4.235,0.022061758,0.013519349,0.025874581,0.549774988,,,,
4.24,0.023480694,0.017059645,0.029023688,0.628316368,,,,
4.245,0.024314913,0.020766707,0.031976102,0.706853815,,,,
4.25,0.024547681,0.024547571,0.034715586,0.785395908,,,,
4.255,0.024176106,0.02830657,0.03722561,0.86393774,,,,
4.26,0.023213683,0.031950525,0.039493179,0.942472316,,,,
4.265,0.021686472,0.035388912,0.041505159,1.021015173,,,,
4.27,0.019635434,0.038536535,0.043250605,1.099555605,,,,
4.275,0.017113705,0.041316617,0.044720708,1.178101332,,,,
4.28,0.014184417,0.043660534,0.045906861,1.256673324,,,,
4.285,0.01092661,0.045512291,0.04680555,1.335175307,,,,
4.29,0.007416848,0.046827318,0.047411047,1.413713997,,,,
4.295,0.00374441,0.047574897,0.047722023,1.492252656,,,,
4.3,1.42387E-07,0.047737873,0.047737873,1.570793344,,,,
4.305,-0.003723607,0.047313962,0.047460259,1.64933442,,,,
4.31,-0.007335521,0.04631527,0.04689258,1.72787392,,,,
4.315,-0.010747906,0.04476753,0.046039649,1.806419427,,,,
4.32,-0.013877433,0.042710584,0.044908542,1.884953955,,,,
4.325,-0.016649509,0.040195805,0.043507573,1.963492474,,,,
4.33,-0.018997803,0.037285502,0.041846448,2.042032899,,,,
4.335,-0.020867222,0.034052322,0.039937471,2.120573601,,,,
4.34,-0.022214165,0.030574329,0.03779231,2.19912801,,,,
4.345,-0.023008766,0.026939412,0.035427888,2.27766184,,,,
4.35,-0.023233547,0.023233379,0.032857078,2.356198124,,,,
4.355,-0.022886937,0.01954748,0.030098436,2.434729534,,,,
4.36,-0.021980132,0.015969547,0.027168964,2.513272738,,,,
4.365,-0.020538501,0.012585858,0.024088043,2.591819312,,,,
4.37,-0.018599755,0.009477042,0.02087499,2.670354044,,,,
4.375,-0.016214485,0.006716349,0.017550466,2.748888888,,,,
4.38,-0.013443497,0.004368021,0.014135319,2.827435801,,,,
4.385,-0.010356804,0.002486605,0.010651131,2.905958888,,,,
4.39,-0.007031308,0.001113578,0.007118943,2.984523031,,,,
4.395,-0.003550377,0.00027933,0.003561348,3.063078112,,,,
4.4,-1.42227E-08,-1.59173E-07,1.59807E-07,-1.659913554,,,,
4.405,0.0035322,0.000277939,0.003543118,0.078525336,,,,
4.41,0.0069597,0.001102161,0.007046431,0.157058974,,,,
4.415,0.010198843,0.00244887,0.010488726,0.235651368,,,,
4.42,0.013171437,0.004279678,0.013849275,0.314160556,,,,
4.425,0.015809218,0.006547878,0.017111577,0.392671312,,,,
4.43,0.018038269,0.009190795,0.020244749,0.471231738,,,,
4.435,0.019816822,0.012143638,0.023241652,0.549774086,,,,
4.44,0.021099829,0.015329907,0.026080814,0.628318015,,,,
4.445,0.021858243,0.018668561,0.028745399,0.706854585,,,,
4.45,0.022076145,0.02207602,0.031220295,0.78539533,,,,
4.455,0.021750752,0.025466695,0.03349101,0.863934822,,,,
4.46,0.020892607,0.028756054,0.035544502,0.942475277,,,,
4.465,0.019525811,0.031862975,0.037369861,1.021014075,,,,
4.47,0.0176859,0.034710226,0.038956268,1.099553845,,,,
4.475,0.015420542,0.03722816,0.04029552,1.178094192,,,,
4.48,0.012787384,0.039355247,0.041380584,1.256635013,,,,
4.485,0.009852905,0.041039752,0.042205935,1.335173824,,,,
4.49,0.006690476,0.042241251,0.042767812,1.413713944,,,,
4.495,0.003378843,0.042931319,0.043064077,1.492254766,,,,
4.5,1.03836E-07,0.043094236,0.043094236,1.570793917,,,,
4.505,-0.003362548,0.042727042,0.042859151,1.649332817,,,,
4.51,-0.006626745,0.04184024,0.042361768,1.727873672,,,,
4.515,-0.009712719,0.0404566,0.04160617,1.806414588,,,,
4.52,-0.012545474,0.038611297,0.04059829,1.884953317,,,,
4.525,-0.01505681,0.036350659,0.039345621,1.963492444,,,,
4.53,-0.017186584,0.033730747,0.037856861,2.042033109,,,,
4.535,-0.018884328,0.03081643,0.03614236,2.12057492,,,,
4.54,-0.02011032,0.027679324,0.034213593,2.199117559,,,,
4.545,-0.020836317,0.024396177,0.032083104,2.277655005,,,,
4.55,-0.021047172,0.021047223,0.029765232,2.356193276,,,,
4.555,-0.02074035,0.017713881,0.027275332,2.434735732,,,,
4.56,-0.019925208,0.014476598,0.024628963,2.513271267,,,,
4.565,-0.018625193,0.01141261,0.02184366,2.591849977,,,,
4.57,-0.016872057,0.008596744,0.018935953,2.670353665,,,,
4.575,-0.014713124,0.006094345,0.015925359,2.748895352,,,,
4.58,-0.012202015,0.003964817,0.012830002,2.827422851,,,,
4.585,-0.009403676,0.002257562,0.009670869,2.905979366,,,,
4.59,-0.006386446,0.001011486,0.00646605,2.984517264,,,,
4.595,-0.003225804,0.000253754,0.003235769,3.063090567,,,,
4.6,1.07252E-07,1.35216E-08,1.08101E-07,0.125411507,,,,
4.605,0.003211251,0.000252605,0.003221171,0.078500984,,,,
4.61,0.006329378,0.001002469,0.006408274,0.157078738,,,,
4.615,0.009278152,0.002227416,0.009541776,0.235612204,,,,
4.62,0.011986034,0.003894293,0.012602799,0.314143757,,,,
4.625,0.014387307,0.005959375,0.015572693,0.392696562,,,,
4.63,0.016424691,0.008368664,0.0184338,0.471232403,,,,
4.635,0.018049585,0.011060701,0.021169001,0.549774716,,,,
4.64,0.019223914,0.013966882,0.023762001,0.628314806,,,,
4.645,0.019920872,0.017013938,0.026197618,0.706855632,,,,
4.65,0.020125265,0.020125127,0.028461325,0.785394735,,,,
4.655,0.019834555,0.02322309,0.030540489,0.863933928,,,,
4.66,0.019057651,0.026230438,0.032422676,0.94247475,,,,
4.665,0.017815882,0.029072766,0.034097381,1.021015897,,,,
4.67,0.016141848,0.031679773,0.03555513,1.099552489,,,,
4.675,0.014078457,0.033987874,0.036788294,1.178091747,,,,
4.68,0.011677656,0.035939661,0.037789243,1.256633232,,,,
4.685,0.009000554,0.0374886,0.038553925,1.335168361,,,,
4.69,0.006113246,0.038596872,0.039078002,1.41371411,,,,
4.695,0.003088542,0.03923911,0.039360473,1.492247457,,,,
4.7,6.95686E-08,0.039398037,0.039398037,1.570794561,,,,
4.705,-0.003075057,0.039073128,0.039193945,1.649334494,,,,
4.71,-0.00606167,0.038272505,0.038749562,1.727873439,,,,
4.715,-0.008886928,0.037016999,0.038068829,1.806414067,,,,
4.72,-0.011482264,0.035339268,0.037157856,1.884951497,,,,
4.725,-0.013784073,0.033277839,0.036019651,1.963493903,,,,
4.73,-0.015738049,0.030887678,0.034666047,2.042034986,,,,
4.735,-0.017297094,0.028226447,0.033104709,2.120572593,,,,
4.74,-0.018424798,0.025359616,0.031346185,2.19911379,,,,
4.745,-0.019095114,0.022357515,0.029402073,2.277654465,,,,
4.75,-0.019293358,0.019293449,0.027284992,2.35619213,,,,
4.755,-0.019016916,0.016241724,0.025008733,2.434742103,,,,
4.76,-0.018274323,0.013276999,0.022588262,2.513276787,,,,
4.765,-0.017085649,0.01047004,0.020038491,2.591816453,,,,
4.77,-0.015481978,0.007888318,0.017375765,2.670361118,,,,
4.775,-0.013504174,0.005593725,0.014616856,2.748886452,,,,
4.78,-0.011203066,0.003639985,0.011779567,2.827442399,,,,
4.785,-0.008635416,0.002073119,0.008880779,2.905979852,,,,
4.79,-0.00586612,0.000928941,0.005939217,2.98453982,,,,
4.795,-0.002963715,0.000233099,0.002972868,3.063103414,,,,
4.8,4.73666E-08,-1.52255E-08,4.97535E-08,-0.311008359,,,,
4.805,0.002951819,0.000232077,0.002960928,0.078460456,,,,
4.81,0.005819291,0.000921538,0.005891806,0.157054909,,,,
4.815,0.008532628,0.002047748,0.008774908,0.235535823,,,,
4.82,0.011025343,0.003581999,0.011592623,0.31413039,,,,
4.825,0.01323721,0.005483012,0.014327845,0.392697792,,,,
4.83,0.015115432,0.007701302,0.016964266,0.471218128,,,,
4.835,0.016614615,0.010181142,0.01948592,0.549765286,,,,
4.84,0.017699685,0.012859384,0.021877902,0.628311489,,,,
4.845,0.018345813,0.015668275,0.024125996,0.706841664,,,,
4.85,0.018537857,0.018537754,0.026216416,0.785395382,,,,
4.855,0.018274692,0.021396113,0.028138195,0.863919479,,,,
4.86,0.017563112,0.024172215,0.029879071,0.942451539,,,,
4.865,0.016422066,0.026797524,0.031429151,1.021003434,,,,
4.87,0.014882528,0.029207192,0.032780325,1.099537843,,,,
4.875,0.012981451,0.031339795,0.033921981,1.178094984,,,,
4.88,0.010773581,0.033146208,0.034853137,1.256535398,,,,
4.885,0.008299416,0.034600296,0.035581748,1.335378555,,,,
4.89,0.005641387,0.035618525,0.036062509,1.413717611,,,,
4.895,0.002850242,0.036217129,0.036329111,1.492259463,,,,
4.9,1.26884E-07,0.036373271,0.036373271,1.570792838,,,,
4.905,-0.002839338,0.036080048,0.036191597,1.649329979,,,,
4.91,-0.00559851,0.035348358,0.035788961,1.727872643,,,,
4.915,-0.008209522,0.034195934,0.035167573,1.806410379,,,,
4.92,-0.010608909,0.032651616,0.034331865,1.884948825,,,,
4.925,-0.012739039,0.03075495,0.033288888,1.963493237,,,,
4.93,-0.014547379,0.028551618,0.032044049,2.04202419,,,,
4.935,-0.015992103,0.02609715,0.030607329,2.120568043,,,,
4.94,-0.017038204,0.023451368,0.02898736,2.199108937,,,,
4.945,-0.017661509,0.020679396,0.027194968,2.277644493,,,,
4.95,-0.017848992,0.017849195,0.02524243,2.356188792,,,,
4.955,-0.017596487,0.015029149,0.023141125,2.434723464,,,,
4.96,-0.016912777,0.012288062,0.020905466,2.513266009,,,,
4.965,-0.015815878,0.009692116,0.01854937,2.591807803,,,,
4.97,-0.014334511,0.007303798,0.016087998,2.670353774,,,,
4.975,-0.012505848,0.005180185,0.013536268,2.748887253,,,,
4.98,-0.010376512,0.003371696,0.010910561,2.827419217,,,,
4.985,-0.008000064,0.0019208,0.008227423,2.905954915,,,,
4.99,-0.005435578,0.000860931,0.005503336,2.984509434,,,,
4.995,-0.002746634,0.000216397,0.002755145,3.062968749,,,,
