frequency,real,img,mag,phase,,
0,-2.78E-08,0.00E+00,2.78E-08,7.85E-01,,
0.004,4.05E-06,7.88E-06,8.86E-06,2.74E-01,,
0.008,1.57E-05,6.98E-06,1.72E-05,1.04E-01,,
0.012,3.55E-05,8.31E-06,3.65E-05,5.75E-02,,
0.016,6.22E-05,1.52E-05,6.41E-05,6.01E-02,,
0.02,9.59E-05,2.65E-05,9.95E-05,6.73E-02,,
0.024,1.35E-04,4.37E-05,1.42E-04,7.81E-02,,
0.028,1.80E-04,6.77E-05,1.92E-04,8.99E-02,,
0.032,2.29E-04,9.87E-05,2.50E-04,1.02E-01,,
0.036,2.82E-04,1.38E-04,3.14E-04,1.14E-01,,
0.04,3.36E-04,1.86E-04,3.84E-04,1.26E-01,,
0.044,3.91E-04,2.42E-04,4.60E-04,1.39E-01,,
0.048,4.46E-04,3.08E-04,5.43E-04,1.51E-01,,
0.052,5.00E-04,3.83E-04,6.30E-04,1.64E-01,,
0.056,5.50E-04,4.68E-04,7.22E-04,1.76E-01,,
0.06,5.96E-04,5.60E-04,8.18E-04,1.89E-01,,
0.064,6.37E-04,6.62E-04,9.18E-04,2.01E-01,,
0.068,6.71E-04,7.71E-04,1.02E-03,2.14E-01,,
0.072,6.96E-04,8.87E-04,1.13E-03,2.26E-01,,
0.076,7.14E-04,1.01E-03,1.24E-03,2.39E-01,,
0.08,7.21E-04,1.14E-03,1.35E-03,2.51E-01,,
0.084,7.17E-04,1.27E-03,1.46E-03,2.64E-01,,
0.088,7.03E-04,1.40E-03,1.57E-03,2.76E-01,,
0.092,6.77E-04,1.54E-03,1.68E-03,2.89E-01,,
0.096,6.37E-04,1.67E-03,1.79E-03,3.02E-01,,
0.1,5.86E-04,1.80E-03,1.90E-03,3.14E-01,,
0.104,5.22E-04,1.93E-03,2.00E-03,3.27E-01,,
0.108,4.47E-04,2.06E-03,2.11E-03,3.39E-01,,
0.112,3.59E-04,2.18E-03,2.21E-03,3.52E-01,,
0.116,2.60E-04,2.29E-03,2.30E-03,3.64E-01,,
0.12,1.50E-04,2.39E-03,2.39E-03,3.77E-01,,
0.124,3.08E-05,2.48E-03,2.48E-03,3.90E-01,,
0.128,-9.66E-05,2.55E-03,2.56E-03,4.02E-01,,
0.132,-2.31E-04,2.62E-03,2.63E-03,4.15E-01,,
0.136,-3.71E-04,2.67E-03,2.69E-03,4.27E-01,,
0.14,-5.15E-04,2.70E-03,2.75E-03,4.40E-01,,
0.144,-6.61E-04,2.72E-03,2.80E-03,4.52E-01,,
0.148,-8.09E-04,2.72E-03,2.84E-03,4.65E-01,,
0.152,-9.54E-04,2.71E-03,2.87E-03,4.77E-01,,
0.156,-1.10E-03,2.67E-03,2.89E-03,4.90E-01,,
0.16,-1.23E-03,2.62E-03,2.90E-03,5.03E-01,,
0.164,-1.36E-03,2.56E-03,2.90E-03,5.15E-01,,
0.168,-1.49E-03,2.48E-03,2.89E-03,5.28E-01,,
0.172,-1.59E-03,2.38E-03,2.86E-03,5.40E-01,,
0.176,-1.69E-03,2.27E-03,2.83E-03,5.53E-01,,
0.18,-1.77E-03,2.14E-03,2.78E-03,5.65E-01,,
0.184,-1.84E-03,2.01E-03,2.72E-03,5.78E-01,,
0.188,-1.89E-03,1.86E-03,2.65E-03,5.91E-01,,
0.192,-1.92E-03,1.71E-03,2.57E-03,6.03E-01,,
0.196,-1.92E-03,1.55E-03,2.47E-03,6.16E-01,,
0.2,-1.91E-03,1.39E-03,2.36E-03,6.28E-01,,
0.204,-1.88E-03,1.22E-03,2.24E-03,6.41E-01,,
0.208,-1.82E-03,1.06E-03,2.11E-03,6.53E-01,,
0.212,-1.74E-03,9.01E-04,1.96E-03,6.66E-01,,
0.216,-1.64E-03,7.47E-04,1.80E-03,6.79E-01,,
0.22,-1.52E-03,6.01E-04,1.63E-03,6.91E-01,,
0.224,-1.37E-03,4.65E-04,1.45E-03,7.04E-01,,
0.228,-1.21E-03,3.43E-04,1.25E-03,7.16E-01,,
0.232,-1.02E-03,2.36E-04,1.05E-03,7.29E-01,,
0.236,-8.21E-04,1.46E-04,8.34E-04,7.41E-01,,
0.24,-6.03E-04,7.61E-05,6.07E-04,7.54E-01,,
0.244,-3.70E-04,2.81E-05,3.71E-04,7.66E-01,,
0.248,-1.26E-04,3.11E-06,1.26E-04,7.79E-01,,
0.252,1.28E-04,3.28E-06,1.28E-04,6.40E-03,,
0.256,3.89E-04,2.94E-05,3.90E-04,1.89E-02,,
0.26,6.54E-04,8.27E-05,6.59E-04,3.14E-02,,
0.264,9.21E-04,1.64E-04,9.35E-04,4.40E-02,,
0.268,1.19E-03,2.73E-04,1.22E-03,5.66E-02,,
0.272,1.45E-03,4.11E-04,1.50E-03,6.91E-02,,
0.276,1.70E-03,5.77E-04,1.80E-03,8.17E-02,,
0.28,1.94E-03,7.70E-04,2.09E-03,9.43E-02,,
0.284,2.17E-03,9.90E-04,2.39E-03,1.07E-01,,
0.288,2.39E-03,1.24E-03,2.69E-03,1.19E-01,,
0.292,2.58E-03,1.51E-03,2.99E-03,1.32E-01,,
0.296,2.76E-03,1.80E-03,3.29E-03,1.45E-01,,
0.3,2.90E-03,2.11E-03,3.59E-03,1.57E-01,,
0.304,3.03E-03,2.44E-03,3.89E-03,1.70E-01,,
0.308,3.12E-03,2.78E-03,4.18E-03,1.82E-01,,
0.312,3.18E-03,3.14E-03,4.47E-03,1.95E-01,,
0.316,3.21E-03,3.51E-03,4.76E-03,2.07E-01,,
0.32,3.21E-03,3.88E-03,5.03E-03,2.20E-01,,
0.324,3.17E-03,4.25E-03,5.31E-03,2.32E-01,,
0.328,3.10E-03,4.63E-03,5.57E-03,2.45E-01,,
0.332,3.00E-03,4.99E-03,5.82E-03,2.58E-01,,
0.336,2.86E-03,5.35E-03,6.07E-03,2.70E-01,,
0.34,2.68E-03,5.70E-03,6.30E-03,2.83E-01,,
0.344,2.48E-03,6.04E-03,6.52E-03,2.95E-01,,
0.348,2.24E-03,6.35E-03,6.73E-03,3.08E-01,,
0.352,1.97E-03,6.64E-03,6.93E-03,3.20E-01,,
0.356,1.68E-03,6.91E-03,7.11E-03,3.33E-01,,
0.36,1.36E-03,7.14E-03,7.27E-03,3.46E-01,,
0.364,1.02E-03,7.35E-03,7.42E-03,3.58E-01,,
0.368,6.63E-04,7.52E-03,7.55E-03,3.71E-01,,
0.372,2.89E-04,7.66E-03,7.66E-03,3.83E-01,,
0.376,-9.71E-05,7.75E-03,7.75E-03,3.96E-01,,
0.38,-4.91E-04,7.81E-03,7.83E-03,4.08E-01,,
0.384,-8.89E-04,7.83E-03,7.88E-03,4.21E-01,,
0.388,-1.29E-03,7.81E-03,7.91E-03,4.34E-01,,
0.392,-1.68E-03,7.75E-03,7.93E-03,4.46E-01,,
0.396,-2.06E-03,7.64E-03,7.92E-03,4.59E-01,,
0.4,-2.44E-03,7.50E-03,7.88E-03,4.71E-01,,
0.404,-2.79E-03,7.32E-03,7.83E-03,4.84E-01,,
0.408,-3.12E-03,7.09E-03,7.75E-03,4.96E-01,,
0.412,-3.43E-03,6.84E-03,7.65E-03,5.09E-01,,
0.416,-3.71E-03,6.55E-03,7.53E-03,5.22E-01,,
0.42,-3.95E-03,6.23E-03,7.38E-03,5.34E-01,,
0.424,-4.16E-03,5.89E-03,7.21E-03,5.47E-01,,
0.428,-4.34E-03,5.52E-03,7.02E-03,5.59E-01,,
0.432,-4.46E-03,5.13E-03,6.80E-03,5.72E-01,,
0.436,-4.55E-03,4.72E-03,6.56E-03,5.84E-01,,
0.44,-4.59E-03,4.31E-03,6.30E-03,5.97E-01,,
0.444,-4.58E-03,3.89E-03,6.01E-03,6.09E-01,,
0.448,-4.53E-03,3.47E-03,5.70E-03,6.22E-01,,
0.452,-4.43E-03,3.05E-03,5.38E-03,6.35E-01,,
0.456,-4.28E-03,2.64E-03,5.03E-03,6.47E-01,,
0.46,-4.08E-03,2.24E-03,4.66E-03,6.60E-01,,
0.464,-3.84E-03,1.86E-03,4.26E-03,6.72E-01,,
0.468,-3.55E-03,1.51E-03,3.85E-03,6.85E-01,,
0.472,-3.22E-03,1.18E-03,3.43E-03,6.97E-01,,
0.476,-2.85E-03,8.86E-04,2.98E-03,7.10E-01,,
0.48,-2.44E-03,6.27E-04,2.52E-03,7.23E-01,,
0.484,-2.00E-03,4.08E-04,2.04E-03,7.35E-01,,
0.488,-1.53E-03,2.33E-04,1.55E-03,7.48E-01,,
0.492,-1.04E-03,1.05E-04,1.05E-03,7.60E-01,,
0.496,-5.28E-04,2.65E-05,5.28E-04,7.73E-01,,
0.5,-2.77E-08,-3.91E-09,2.80E-08,-7.50E-01,,
0.504,5.37E-04,2.71E-05,5.38E-04,1.26E-02,,
0.508,1.08E-03,1.09E-04,1.08E-03,2.51E-02,,
0.512,1.62E-03,2.46E-04,1.64E-03,3.77E-02,,
0.516,2.15E-03,4.39E-04,2.20E-03,5.03E-02,,
0.52,2.67E-03,6.86E-04,2.76E-03,6.28E-02,,
0.524,3.17E-03,9.88E-04,3.32E-03,7.54E-02,,
0.528,3.65E-03,1.34E-03,3.89E-03,8.80E-02,,
0.532,4.10E-03,1.74E-03,4.46E-03,1.01E-01,,
0.536,4.52E-03,2.20E-03,5.02E-03,1.13E-01,,
0.54,4.89E-03,2.69E-03,5.58E-03,1.26E-01,,
0.544,5.22E-03,3.22E-03,6.14E-03,1.38E-01,,
0.548,5.51E-03,3.79E-03,6.69E-03,1.51E-01,,
0.552,5.74E-03,4.39E-03,7.23E-03,1.63E-01,,
0.556,5.91E-03,5.02E-03,7.76E-03,1.76E-01,,
0.56,6.03E-03,5.66E-03,8.28E-03,1.88E-01,,
0.564,6.09E-03,6.32E-03,8.78E-03,2.01E-01,,
0.568,6.09E-03,6.99E-03,9.27E-03,2.14E-01,,
0.572,6.02E-03,7.66E-03,9.74E-03,2.26E-01,,
0.576,5.89E-03,8.33E-03,1.02E-02,2.39E-01,,
0.58,5.70E-03,8.98E-03,1.06E-02,2.51E-01,,
0.584,5.45E-03,9.62E-03,1.11E-02,2.64E-01,,
0.588,5.13E-03,1.02E-02,1.14E-02,2.76E-01,,
0.592,4.76E-03,1.08E-02,1.18E-02,2.89E-01,,
0.596,4.33E-03,1.14E-02,1.22E-02,3.02E-01,,
0.6,3.86E-03,1.19E-02,1.25E-02,3.14E-01,,
0.604,3.33E-03,1.23E-02,1.28E-02,3.27E-01,,
0.608,2.76E-03,1.27E-02,1.30E-02,3.39E-01,,
0.612,2.16E-03,1.31E-02,1.33E-02,3.52E-01,,
0.616,1.52E-03,1.34E-02,1.35E-02,3.64E-01,,
0.62,8.55E-04,1.36E-02,1.36E-02,3.77E-01,,
0.624,1.73E-04,1.38E-02,1.38E-02,3.90E-01,,
0.628,-5.22E-04,1.38E-02,1.39E-02,4.02E-01,,
0.632,-1.22E-03,1.39E-02,1.39E-02,4.15E-01,,
0.636,-1.92E-03,1.38E-02,1.39E-02,4.27E-01,,
0.64,-2.61E-03,1.37E-02,1.39E-02,4.40E-01,,
0.644,-3.28E-03,1.35E-02,1.39E-02,4.52E-01,,
0.648,-3.94E-03,1.32E-02,1.38E-02,4.65E-01,,
0.652,-4.56E-03,1.29E-02,1.37E-02,4.78E-01,,
0.656,-5.14E-03,1.25E-02,1.35E-02,4.90E-01,,
0.66,-5.68E-03,1.21E-02,1.33E-02,5.03E-01,,
0.664,-6.17E-03,1.16E-02,1.31E-02,5.15E-01,,
0.668,-6.60E-03,1.10E-02,1.28E-02,5.28E-01,,
0.672,-6.97E-03,1.04E-02,1.25E-02,5.40E-01,,
0.676,-7.28E-03,9.76E-03,1.22E-02,5.53E-01,,
0.68,-7.51E-03,9.08E-03,1.18E-02,5.65E-01,,
0.684,-7.68E-03,8.38E-03,1.14E-02,5.78E-01,,
0.688,-7.76E-03,7.66E-03,1.09E-02,5.91E-01,,
0.692,-7.77E-03,6.94E-03,1.04E-02,6.03E-01,,
0.696,-7.70E-03,6.21E-03,9.89E-03,6.16E-01,,
0.7,-7.55E-03,5.48E-03,9.33E-03,6.28E-01,,
0.704,-7.32E-03,4.77E-03,8.73E-03,6.41E-01,,
0.708,-7.01E-03,4.08E-03,8.11E-03,6.53E-01,,
0.712,-6.62E-03,3.43E-03,7.45E-03,6.66E-01,,
0.716,-6.16E-03,2.81E-03,6.77E-03,6.79E-01,,
0.72,-5.63E-03,2.23E-03,6.06E-03,6.91E-01,,
0.724,-5.04E-03,1.71E-03,5.32E-03,7.04E-01,,
0.728,-4.38E-03,1.24E-03,4.56E-03,7.16E-01,,
0.732,-3.68E-03,8.46E-04,3.77E-03,7.29E-01,,
0.736,-2.92E-03,5.19E-04,2.96E-03,7.41E-01,,
0.74,-2.12E-03,2.68E-04,2.14E-03,7.54E-01,,
0.744,-1.29E-03,9.75E-05,1.29E-03,7.67E-01,,
0.748,-4.35E-04,1.09E-05,4.35E-04,7.79E-01,,
0.752,4.38E-04,1.10E-05,4.38E-04,6.30E-03,,
0.756,1.32E-03,9.96E-05,1.32E-03,1.89E-02,,
0.76,2.20E-03,2.78E-04,2.21E-03,3.14E-02,,
0.764,3.07E-03,5.45E-04,3.11E-03,4.40E-02,,
0.768,3.92E-03,9.01E-04,4.02E-03,5.65E-02,,
0.772,4.74E-03,1.34E-03,4.93E-03,6.91E-02,,
0.776,5.52E-03,1.87E-03,5.83E-03,8.17E-02,,
0.78,6.26E-03,2.48E-03,6.74E-03,9.42E-02,,
0.784,6.95E-03,3.16E-03,7.64E-03,1.07E-01,,
0.788,7.57E-03,3.92E-03,8.53E-03,1.19E-01,,
0.792,8.13E-03,4.74E-03,9.41E-03,1.32E-01,,
0.796,8.61E-03,5.62E-03,1.03E-02,1.45E-01,,
0.8,9.01E-03,6.55E-03,1.11E-02,1.57E-01,,
0.804,9.32E-03,7.52E-03,1.20E-02,1.70E-01,,
0.808,9.54E-03,8.52E-03,1.28E-02,1.82E-01,,
0.812,9.67E-03,9.55E-03,1.36E-02,1.95E-01,,
0.816,9.70E-03,1.06E-02,1.44E-02,2.07E-01,,
0.82,9.63E-03,1.16E-02,1.51E-02,2.20E-01,,
0.824,9.46E-03,1.27E-02,1.58E-02,2.32E-01,,
0.828,9.20E-03,1.37E-02,1.65E-02,2.45E-01,,
0.832,8.83E-03,1.47E-02,1.72E-02,2.58E-01,,
0.836,8.37E-03,1.57E-02,1.78E-02,2.70E-01,,
0.84,7.82E-03,1.66E-02,1.84E-02,2.83E-01,,
0.844,7.18E-03,1.75E-02,1.89E-02,2.95E-01,,
0.848,6.46E-03,1.83E-02,1.94E-02,3.08E-01,,
0.852,5.66E-03,1.90E-02,1.98E-02,3.20E-01,,
0.856,4.79E-03,1.97E-02,2.03E-02,3.33E-01,,
0.86,3.86E-03,2.03E-02,2.06E-02,3.46E-01,,
0.864,2.88E-03,2.07E-02,2.09E-02,3.58E-01,,
0.868,1.86E-03,2.11E-02,2.12E-02,3.71E-01,,
0.872,8.06E-04,2.14E-02,2.14E-02,3.83E-01,,
0.876,-2.71E-04,2.16E-02,2.16E-02,3.96E-01,,
0.88,-1.36E-03,2.16E-02,2.17E-02,4.08E-01,,
0.884,-2.45E-03,2.16E-02,2.17E-02,4.21E-01,,
0.888,-3.53E-03,2.14E-02,2.17E-02,4.34E-01,,
0.892,-4.59E-03,2.12E-02,2.16E-02,4.46E-01,,
0.896,-5.62E-03,2.08E-02,2.15E-02,4.59E-01,,
0.9,-6.60E-03,2.03E-02,2.14E-02,4.71E-01,,
0.904,-7.53E-03,1.97E-02,2.11E-02,4.84E-01,,
0.908,-8.39E-03,1.91E-02,2.08E-02,4.96E-01,,
0.912,-9.18E-03,1.83E-02,2.05E-02,5.09E-01,,
0.916,-9.89E-03,1.75E-02,2.01E-02,5.22E-01,,
0.92,-1.05E-02,1.65E-02,1.96E-02,5.34E-01,,
0.924,-1.10E-02,1.56E-02,1.91E-02,5.47E-01,,
0.928,-1.14E-02,1.45E-02,1.85E-02,5.59E-01,,
0.932,-1.17E-02,1.35E-02,1.79E-02,5.72E-01,,
0.936,-1.19E-02,1.24E-02,1.72E-02,5.84E-01,,
0.94,-1.20E-02,1.12E-02,1.64E-02,5.97E-01,,
0.944,-1.19E-02,1.01E-02,1.56E-02,6.09E-01,,
0.948,-1.17E-02,8.99E-03,1.48E-02,6.22E-01,,
0.952,-1.14E-02,7.88E-03,1.39E-02,6.35E-01,,
0.956,-1.10E-02,6.80E-03,1.29E-02,6.47E-01,,
0.96,-1.05E-02,5.76E-03,1.20E-02,6.60E-01,,
0.964,-9.82E-03,4.77E-03,1.09E-02,6.72E-01,,
0.968,-9.06E-03,3.85E-03,9.84E-03,6.85E-01,,
0.972,-8.19E-03,3.01E-03,8.73E-03,6.97E-01,,
0.976,-7.23E-03,2.25E-03,7.57E-03,7.10E-01,,
0.98,-6.18E-03,1.59E-03,6.38E-03,7.23E-01,,
0.984,-5.05E-03,1.03E-03,5.16E-03,7.35E-01,,
0.988,-3.86E-03,5.87E-04,3.91E-03,7.48E-01,,
0.992,-2.61E-03,2.64E-04,2.63E-03,7.60E-01,,
0.996,-1.32E-03,6.65E-05,1.32E-03,7.73E-01,,
1,-2.76E-08,-3.65E-09,2.78E-08,-7.53E-01,,
1.004,1.34E-03,6.74E-05,1.34E-03,1.26E-02,,
1.008,2.68E-03,2.71E-04,2.70E-03,2.51E-02,,
1.012,4.02E-03,6.11E-04,4.07E-03,3.77E-02,,
1.016,5.33E-03,1.09E-03,5.44E-03,5.03E-02,,
1.02,6.61E-03,1.70E-03,6.82E-03,6.28E-02,,
1.024,7.83E-03,2.44E-03,8.20E-03,7.54E-02,,
1.028,8.99E-03,3.30E-03,9.58E-03,8.80E-02,,
1.032,1.01E-02,4.29E-03,1.10E-02,1.01E-01,,
1.036,1.11E-02,5.38E-03,1.23E-02,1.13E-01,,
1.04,1.20E-02,6.58E-03,1.37E-02,1.26E-01,,
1.044,1.28E-02,7.87E-03,1.50E-02,1.38E-01,,
1.048,1.34E-02,9.25E-03,1.63E-02,1.51E-01,,
1.052,1.40E-02,1.07E-02,1.76E-02,1.63E-01,,
1.056,1.44E-02,1.22E-02,1.88E-02,1.76E-01,,
1.06,1.46E-02,1.37E-02,2.01E-02,1.88E-01,,
1.064,1.48E-02,1.53E-02,2.13E-02,2.01E-01,,
1.068,1.47E-02,1.69E-02,2.24E-02,2.14E-01,,
1.072,1.45E-02,1.85E-02,2.35E-02,2.26E-01,,
1.076,1.42E-02,2.01E-02,2.46E-02,2.39E-01,,
1.08,1.37E-02,2.16E-02,2.56E-02,2.51E-01,,
1.084,1.31E-02,2.31E-02,2.66E-02,2.64E-01,,
1.088,1.23E-02,2.46E-02,2.75E-02,2.76E-01,,
1.092,1.14E-02,2.59E-02,2.83E-02,2.89E-01,,
1.096,1.04E-02,2.72E-02,2.91E-02,3.02E-01,,
1.1,9.22E-03,2.84E-02,2.98E-02,3.14E-01,,
1.104,7.95E-03,2.94E-02,3.05E-02,3.27E-01,,
1.108,6.59E-03,3.04E-02,3.11E-02,3.39E-01,,
1.112,5.14E-03,3.12E-02,3.16E-02,3.52E-01,,
1.116,3.62E-03,3.18E-02,3.20E-02,3.64E-01,,
1.12,2.03E-03,3.23E-02,3.24E-02,3.77E-01,,
1.124,4.11E-04,3.27E-02,3.27E-02,3.90E-01,,
1.128,-1.24E-03,3.29E-02,3.29E-02,4.02E-01,,
1.132,-2.90E-03,3.29E-02,3.30E-02,4.15E-01,,
1.136,-4.55E-03,3.27E-02,3.30E-02,4.27E-01,,
1.14,-6.18E-03,3.24E-02,3.30E-02,4.40E-01,,
1.144,-7.77E-03,3.19E-02,3.29E-02,4.52E-01,,
1.148,-9.31E-03,3.13E-02,3.26E-02,4.65E-01,,
1.152,-1.08E-02,3.05E-02,3.23E-02,4.78E-01,,
1.156,-1.21E-02,2.96E-02,3.19E-02,4.90E-01,,
1.16,-1.34E-02,2.85E-02,3.15E-02,5.03E-01,,
1.164,-1.45E-02,2.73E-02,3.09E-02,5.15E-01,,
1.168,-1.56E-02,2.59E-02,3.02E-02,5.28E-01,,
1.172,-1.64E-02,2.45E-02,2.95E-02,5.40E-01,,
1.176,-1.71E-02,2.30E-02,2.87E-02,5.53E-01,,
1.18,-1.77E-02,2.14E-02,2.77E-02,5.65E-01,,
1.184,-1.81E-02,1.97E-02,2.67E-02,5.78E-01,,
1.188,-1.83E-02,1.80E-02,2.57E-02,5.91E-01,,
1.192,-1.83E-02,1.63E-02,2.45E-02,6.03E-01,,
1.196,-1.81E-02,1.46E-02,2.32E-02,6.16E-01,,
1.2,-1.77E-02,1.29E-02,2.19E-02,6.28E-01,,
1.204,-1.72E-02,1.12E-02,2.05E-02,6.41E-01,,
1.208,-1.65E-02,9.60E-03,1.91E-02,6.53E-01,,
1.212,-1.56E-02,8.05E-03,1.75E-02,6.66E-01,,
1.216,-1.45E-02,6.59E-03,1.59E-02,6.79E-01,,
1.22,-1.32E-02,5.24E-03,1.42E-02,6.91E-01,,
1.224,-1.18E-02,4.01E-03,1.25E-02,7.04E-01,,
1.228,-1.03E-02,2.92E-03,1.07E-02,7.16E-01,,
1.232,-8.63E-03,1.99E-03,8.86E-03,7.29E-01,,
1.236,-6.86E-03,1.22E-03,6.96E-03,7.41E-01,,
1.24,-4.98E-03,6.29E-04,5.02E-03,7.54E-01,,
1.244,-3.03E-03,2.29E-04,3.04E-03,7.67E-01,,
1.248,-1.02E-03,2.57E-05,1.02E-03,7.79E-01,,
1.252,1.03E-03,2.61E-05,1.03E-03,6.34E-03,,
1.256,3.10E-03,2.34E-04,3.11E-03,1.89E-02,,
1.26,5.17E-03,6.53E-04,5.21E-03,3.14E-02,,
1.264,7.22E-03,1.28E-03,7.33E-03,4.40E-02,,
1.268,9.22E-03,2.12E-03,9.46E-03,5.65E-02,,
1.272,1.12E-02,3.17E-03,1.16E-02,6.91E-02,,
1.276,1.30E-02,4.41E-03,1.37E-02,8.17E-02,,
1.28,1.48E-02,5.84E-03,1.59E-02,9.42E-02,,
1.284,1.64E-02,7.46E-03,1.80E-02,1.07E-01,,
1.288,1.79E-02,9.25E-03,2.01E-02,1.19E-01,,
1.292,1.92E-02,1.12E-02,2.22E-02,1.32E-01,,
1.296,2.03E-02,1.33E-02,2.43E-02,1.45E-01,,
1.3,2.13E-02,1.55E-02,2.63E-02,1.57E-01,,
1.304,2.20E-02,1.78E-02,2.83E-02,1.70E-01,,
1.308,2.26E-02,2.02E-02,3.03E-02,1.82E-01,,
1.312,2.29E-02,2.26E-02,3.22E-02,1.95E-01,,
1.316,2.30E-02,2.51E-02,3.41E-02,2.07E-01,,
1.32,2.29E-02,2.76E-02,3.59E-02,2.20E-01,,
1.324,2.25E-02,3.01E-02,3.76E-02,2.32E-01,,
1.328,2.19E-02,3.26E-02,3.92E-02,2.45E-01,,
1.332,2.10E-02,3.50E-02,4.08E-02,2.58E-01,,
1.336,1.99E-02,3.74E-02,4.23E-02,2.70E-01,,
1.34,1.86E-02,3.96E-02,4.38E-02,2.83E-01,,
1.344,1.71E-02,4.17E-02,4.51E-02,2.95E-01,,
1.348,1.54E-02,4.37E-02,4.63E-02,3.08E-01,,
1.352,1.35E-02,4.55E-02,4.75E-02,3.20E-01,,
1.356,1.15E-02,4.71E-02,4.85E-02,3.33E-01,,
1.36,9.26E-03,4.86E-02,4.94E-02,3.46E-01,,
1.364,6.92E-03,4.98E-02,5.02E-02,3.58E-01,,
1.368,4.48E-03,5.07E-02,5.09E-02,3.71E-01,,
1.372,1.94E-03,5.15E-02,5.15E-02,3.83E-01,,
1.376,-6.53E-04,5.20E-02,5.20E-02,3.96E-01,,
1.38,-3.28E-03,5.22E-02,5.23E-02,4.08E-01,,
1.384,-5.92E-03,5.22E-02,5.25E-02,4.21E-01,,
1.388,-8.55E-03,5.19E-02,5.26E-02,4.34E-01,,
1.392,-1.11E-02,5.13E-02,5.25E-02,4.46E-01,,
1.396,-1.36E-02,5.05E-02,5.23E-02,4.59E-01,,
1.4,-1.60E-02,4.94E-02,5.19E-02,4.71E-01,,
1.404,-1.83E-02,4.81E-02,5.15E-02,4.84E-01,,
1.408,-2.05E-02,4.65E-02,5.08E-02,4.96E-01,,
1.412,-2.24E-02,4.47E-02,5.01E-02,5.09E-01,,
1.416,-2.42E-02,4.28E-02,4.92E-02,5.22E-01,,
1.42,-2.58E-02,4.06E-02,4.81E-02,5.34E-01,,
1.424,-2.71E-02,3.83E-02,4.69E-02,5.47E-01,,
1.428,-2.82E-02,3.58E-02,4.56E-02,5.59E-01,,
1.432,-2.89E-02,3.33E-02,4.41E-02,5.72E-01,,
1.436,-2.95E-02,3.06E-02,4.25E-02,5.84E-01,,
1.44,-2.97E-02,2.79E-02,4.07E-02,5.97E-01,,
1.444,-2.96E-02,2.51E-02,3.88E-02,6.09E-01,,
1.448,-2.92E-02,2.24E-02,3.68E-02,6.22E-01,,
1.452,-2.85E-02,1.97E-02,3.46E-02,6.35E-01,,
1.456,-2.75E-02,1.70E-02,3.24E-02,6.47E-01,,
1.46,-2.63E-02,1.44E-02,3.00E-02,6.60E-01,,
1.464,-2.47E-02,1.20E-02,2.74E-02,6.72E-01,,
1.468,-2.28E-02,9.70E-03,2.48E-02,6.85E-01,,
1.472,-2.07E-02,7.59E-03,2.20E-02,6.97E-01,,
1.476,-1.83E-02,5.69E-03,1.92E-02,7.10E-01,,
1.48,-1.57E-02,4.03E-03,1.62E-02,7.23E-01,,
1.484,-1.29E-02,2.62E-03,1.31E-02,7.35E-01,,
1.488,-9.85E-03,1.50E-03,9.96E-03,7.48E-01,,
1.492,-6.68E-03,6.74E-04,6.72E-03,7.60E-01,,
1.496,-3.39E-03,1.71E-04,3.39E-03,7.73E-01,,
1.5,-6.36E-08,-2.54E-09,6.37E-08,-7.75E-01,,
1.504,3.46E-03,1.74E-04,3.46E-03,1.26E-02,,
1.508,6.94E-03,7.00E-04,6.98E-03,2.51E-02,,
1.512,1.04E-02,1.58E-03,1.05E-02,3.77E-02,,
1.516,1.39E-02,2.83E-03,1.42E-02,5.03E-02,,
1.52,1.72E-02,4.43E-03,1.78E-02,6.28E-02,,
1.524,2.05E-02,6.38E-03,2.15E-02,7.54E-02,,
1.528,2.36E-02,8.67E-03,2.52E-02,8.80E-02,,
1.532,2.66E-02,1.13E-02,2.89E-02,1.01E-01,,
1.536,2.93E-02,1.42E-02,3.26E-02,1.13E-01,,
1.54,3.18E-02,1.75E-02,3.63E-02,1.26E-01,,
1.544,3.40E-02,2.10E-02,3.99E-02,1.38E-01,,
1.548,3.59E-02,2.47E-02,4.36E-02,1.51E-01,,
1.552,3.75E-02,2.87E-02,4.72E-02,1.63E-01,,
1.556,3.87E-02,3.28E-02,5.07E-02,1.76E-01,,
1.56,3.95E-02,3.71E-02,5.43E-02,1.88E-01,,
1.564,4.00E-02,4.16E-02,5.77E-02,2.01E-01,,
1.568,4.01E-02,4.61E-02,6.11E-02,2.14E-01,,
1.572,3.98E-02,5.06E-02,6.43E-02,2.26E-01,,
1.576,3.90E-02,5.51E-02,6.75E-02,2.39E-01,,
1.58,3.78E-02,5.96E-02,7.06E-02,2.51E-01,,
1.584,3.62E-02,6.40E-02,7.36E-02,2.64E-01,,
1.588,3.43E-02,6.83E-02,7.64E-02,2.76E-01,,
1.592,3.19E-02,7.24E-02,7.91E-02,2.89E-01,,
1.596,2.91E-02,7.63E-02,8.17E-02,3.02E-01,,
1.6,2.60E-02,8.00E-02,8.41E-02,3.14E-01,,
1.604,2.25E-02,8.34E-02,8.63E-02,3.27E-01,,
1.608,1.87E-02,8.64E-02,8.84E-02,3.39E-01,,
1.612,1.47E-02,8.91E-02,9.03E-02,3.52E-01,,
1.616,1.04E-02,9.14E-02,9.20E-02,3.64E-01,,
1.62,5.87E-03,9.33E-02,9.35E-02,3.77E-01,,
1.624,1.19E-03,9.48E-02,9.48E-02,3.90E-01,,
1.628,-3.62E-03,9.59E-02,9.59E-02,4.02E-01,,
1.632,-8.50E-03,9.64E-02,9.68E-02,4.15E-01,,
1.636,-1.34E-02,9.65E-02,9.74E-02,4.27E-01,,
1.64,-1.83E-02,9.61E-02,9.78E-02,4.40E-01,,
1.644,-2.32E-02,9.52E-02,9.80E-02,4.52E-01,,
1.648,-2.79E-02,9.38E-02,9.79E-02,4.65E-01,,
1.652,-3.25E-02,9.20E-02,9.75E-02,4.78E-01,,
1.656,-3.68E-02,8.97E-02,9.69E-02,4.90E-01,,
1.66,-4.09E-02,8.69E-02,9.61E-02,5.03E-01,,
1.664,-4.47E-02,8.37E-02,9.49E-02,5.15E-01,,
1.668,-4.81E-02,8.02E-02,9.35E-02,5.28E-01,,
1.672,-5.11E-02,7.62E-02,9.18E-02,5.40E-01,,
1.676,-5.37E-02,7.19E-02,8.98E-02,5.53E-01,,
1.68,-5.58E-02,6.74E-02,8.75E-02,5.65E-01,,
1.684,-5.73E-02,6.26E-02,8.49E-02,5.78E-01,,
1.688,-5.84E-02,5.76E-02,8.20E-02,5.91E-01,,
1.692,-5.88E-02,5.25E-02,7.89E-02,6.03E-01,,
1.696,-5.87E-02,4.73E-02,7.54E-02,6.16E-01,,
1.7,-5.80E-02,4.21E-02,7.16E-02,6.28E-01,,
1.704,-5.66E-02,3.69E-02,6.76E-02,6.41E-01,,
1.708,-5.46E-02,3.18E-02,6.32E-02,6.53E-01,,
1.712,-5.20E-02,2.69E-02,5.86E-02,6.66E-01,,
1.716,-4.88E-02,2.22E-02,5.36E-02,6.79E-01,,
1.72,-4.50E-02,1.78E-02,4.84E-02,6.91E-01,,
1.724,-4.06E-02,1.37E-02,4.28E-02,7.04E-01,,
1.728,-3.56E-02,1.01E-02,3.70E-02,7.16E-01,,
1.732,-3.01E-02,6.93E-03,3.09E-02,7.29E-01,,
1.736,-2.41E-02,4.29E-03,2.45E-02,7.41E-01,,
1.74,-1.77E-02,2.24E-03,1.78E-02,7.54E-01,,
1.744,-1.09E-02,8.20E-04,1.09E-02,7.67E-01,,
1.748,-3.70E-03,9.30E-05,3.70E-03,7.79E-01,,
1.752,3.76E-03,9.46E-05,3.77E-03,6.28E-03,,
1.756,1.15E-02,8.65E-04,1.15E-02,1.88E-02,,
1.76,1.93E-02,2.44E-03,1.95E-02,3.14E-02,,
1.764,2.72E-02,4.84E-03,2.77E-02,4.40E-02,,
1.768,3.52E-02,8.09E-03,3.61E-02,5.65E-02,,
1.772,4.31E-02,1.22E-02,4.48E-02,6.91E-02,,
1.776,5.08E-02,1.72E-02,5.36E-02,8.17E-02,,
1.78,5.83E-02,2.31E-02,6.27E-02,9.42E-02,,
1.784,6.55E-02,2.98E-02,7.20E-02,1.07E-01,,
1.788,7.23E-02,3.74E-02,8.14E-02,1.19E-01,,
1.792,7.87E-02,4.59E-02,9.11E-02,1.32E-01,,
1.796,8.45E-02,5.51E-02,1.01E-01,1.45E-01,,
1.8,8.96E-02,6.51E-02,1.11E-01,1.57E-01,,
1.804,9.41E-02,7.59E-02,1.21E-01,1.70E-01,,
1.808,9.78E-02,8.73E-02,1.31E-01,1.82E-01,,
1.812,1.01E-01,9.93E-02,1.41E-01,1.95E-01,,
1.816,1.03E-01,1.12E-01,1.52E-01,2.07E-01,,
1.82,1.03E-01,1.25E-01,1.62E-01,2.20E-01,,
1.824,1.03E-01,1.39E-01,1.73E-01,2.32E-01,,
1.828,1.02E-01,1.52E-01,1.84E-01,2.45E-01,,
1.832,9.99E-02,1.67E-01,1.94E-01,2.58E-01,,
1.836,9.64E-02,1.81E-01,2.05E-01,2.70E-01,,
1.84,9.18E-02,1.95E-01,2.16E-01,2.83E-01,,
1.844,8.60E-02,2.09E-01,2.26E-01,2.95E-01,,
1.848,7.89E-02,2.24E-01,2.37E-01,3.08E-01,,
1.852,7.06E-02,2.38E-01,2.48E-01,3.20E-01,,
1.856,6.11E-02,2.51E-01,2.58E-01,3.33E-01,,
1.86,5.04E-02,2.64E-01,2.69E-01,3.46E-01,,
1.864,3.85E-02,2.77E-01,2.80E-01,3.58E-01,,
1.868,2.55E-02,2.89E-01,2.90E-01,3.71E-01,,
1.872,1.13E-02,3.00E-01,3.00E-01,3.83E-01,,
1.876,-3.90E-03,3.11E-01,3.11E-01,3.96E-01,,
1.88,-2.01E-02,3.20E-01,3.21E-01,4.08E-01,,
1.884,-3.73E-02,3.29E-01,3.31E-01,4.21E-01,,
1.888,-5.54E-02,3.36E-01,3.40E-01,4.34E-01,,
1.892,-7.42E-02,3.42E-01,3.50E-01,4.46E-01,,
1.896,-9.38E-02,3.47E-01,3.59E-01,4.59E-01,,
1.9,-1.14E-01,3.51E-01,3.69E-01,4.71E-01,,
1.904,-1.35E-01,3.53E-01,3.78E-01,4.84E-01,,
1.908,-1.56E-01,3.54E-01,3.87E-01,4.96E-01,,
1.912,-1.77E-01,3.53E-01,3.95E-01,5.09E-01,,
1.916,-1.99E-01,3.51E-01,4.03E-01,5.22E-01,,
1.92,-2.20E-01,3.47E-01,4.11E-01,5.34E-01,,
1.924,-2.42E-01,3.42E-01,4.19E-01,5.47E-01,,
1.928,-2.64E-01,3.35E-01,4.27E-01,5.59E-01,,
1.932,-2.85E-01,3.27E-01,4.34E-01,5.72E-01,,
1.936,-3.06E-01,3.17E-01,4.41E-01,5.84E-01,,
1.94,-3.26E-01,3.06E-01,4.47E-01,5.97E-01,,
1.944,-3.46E-01,2.93E-01,4.53E-01,6.09E-01,,
1.948,-3.64E-01,2.79E-01,4.59E-01,6.22E-01,,
1.952,-3.83E-01,2.64E-01,4.65E-01,6.35E-01,,
1.956,-4.00E-01,2.47E-01,4.70E-01,6.47E-01,,
1.96,-4.16E-01,2.29E-01,4.74E-01,6.60E-01,,
1.964,-4.31E-01,2.09E-01,4.79E-01,6.72E-01,,
1.968,-4.44E-01,1.89E-01,4.83E-01,6.85E-01,,
1.972,-4.57E-01,1.68E-01,4.86E-01,6.97E-01,,
1.976,-4.67E-01,1.45E-01,4.89E-01,7.10E-01,,
1.98,-4.77E-01,1.22E-01,4.92E-01,7.23E-01,,
1.984,-4.85E-01,9.88E-02,4.95E-01,7.35E-01,,
1.988,-4.91E-01,7.46E-02,4.97E-01,7.48E-01,,
1.992,-4.96E-01,5.00E-02,4.98E-01,7.60E-01,,
1.996,-4.99E-01,2.51E-02,4.99E-01,7.73E-01,,
2,-5.00E-01,8.91E-07,5.00E-01,7.85E-01,,
2.004,-5.00E-01,-2.51E-02,5.00E-01,-7.73E-01,,
2.008,-4.98E-01,-5.02E-02,5.00E-01,-7.60E-01,,
2.012,-4.94E-01,-7.51E-02,5.00E-01,-7.48E-01,,
2.016,-4.89E-01,-9.96E-02,4.99E-01,-7.35E-01,,
2.02,-4.82E-01,-1.24E-01,4.97E-01,-7.23E-01,,
2.024,-4.73E-01,-1.47E-01,4.95E-01,-7.10E-01,,
2.028,-4.63E-01,-1.70E-01,4.93E-01,-6.97E-01,,
2.032,-4.51E-01,-1.92E-01,4.90E-01,-6.85E-01,,
2.036,-4.38E-01,-2.13E-01,4.87E-01,-6.72E-01,,
2.04,-4.24E-01,-2.33E-01,4.84E-01,-6.60E-01,,
2.044,-4.09E-01,-2.52E-01,4.80E-01,-6.47E-01,,
2.048,-3.92E-01,-2.70E-01,4.76E-01,-6.35E-01,,
2.052,-3.74E-01,-2.86E-01,4.71E-01,-6.22E-01,,
2.056,-3.55E-01,-3.02E-01,4.66E-01,-6.09E-01,,
2.06,-3.36E-01,-3.15E-01,4.61E-01,-5.97E-01,,
2.064,-3.16E-01,-3.28E-01,4.55E-01,-5.84E-01,,
2.068,-2.95E-01,-3.38E-01,4.49E-01,-5.72E-01,,
2.072,-2.73E-01,-3.48E-01,4.42E-01,-5.59E-01,,
2.076,-2.51E-01,-3.55E-01,4.35E-01,-5.47E-01,,
2.08,-2.29E-01,-3.62E-01,4.28E-01,-5.34E-01,,
2.084,-2.07E-01,-3.66E-01,4.21E-01,-5.22E-01,,
2.088,-1.85E-01,-3.69E-01,4.13E-01,-5.09E-01,,
2.092,-1.63E-01,-3.70E-01,4.05E-01,-4.96E-01,,
2.096,-1.41E-01,-3.70E-01,3.96E-01,-4.84E-01,,
2.1,-1.20E-01,-3.69E-01,3.88E-01,-4.71E-01,,
2.104,-9.88E-02,-3.66E-01,3.79E-01,-4.59E-01,,
2.108,-7.83E-02,-3.61E-01,3.70E-01,-4.46E-01,,
2.112,-5.86E-02,-3.55E-01,3.60E-01,-4.34E-01,,
2.116,-3.95E-02,-3.48E-01,3.50E-01,-4.21E-01,,
2.12,-2.14E-02,-3.40E-01,3.41E-01,-4.08E-01,,
2.124,-4.15E-03,-3.30E-01,3.30E-01,-3.96E-01,,
2.128,1.21E-02,-3.20E-01,3.20E-01,-3.83E-01,,
2.132,2.72E-02,-3.09E-01,3.10E-01,-3.71E-01,,
2.136,4.12E-02,-2.96E-01,2.99E-01,-3.58E-01,,
2.14,5.41E-02,-2.83E-01,2.89E-01,-3.46E-01,,
2.144,6.57E-02,-2.70E-01,2.78E-01,-3.33E-01,,
2.148,7.61E-02,-2.56E-01,2.67E-01,-3.20E-01,,
2.152,8.52E-02,-2.41E-01,2.56E-01,-3.08E-01,,
2.156,9.30E-02,-2.26E-01,2.45E-01,-2.95E-01,,
2.16,9.95E-02,-2.11E-01,2.34E-01,-2.83E-01,,
2.164,1.05E-01,-1.96E-01,2.22E-01,-2.70E-01,,
2.168,1.09E-01,-1.81E-01,2.11E-01,-2.58E-01,,
2.172,1.11E-01,-1.66E-01,2.00E-01,-2.45E-01,,
2.176,1.13E-01,-1.51E-01,1.89E-01,-2.32E-01,,
2.18,1.13E-01,-1.37E-01,1.78E-01,-2.20E-01,,
2.184,1.12E-01,-1.23E-01,1.66E-01,-2.07E-01,,
2.188,1.11E-01,-1.09E-01,1.55E-01,-1.95E-01,,
2.192,1.08E-01,-9.61E-02,1.44E-01,-1.82E-01,,
2.196,1.04E-01,-8.37E-02,1.33E-01,-1.70E-01,,
2.2,9.91E-02,-7.20E-02,1.23E-01,-1.57E-01,,
2.204,9.36E-02,-6.11E-02,1.12E-01,-1.45E-01,,
2.208,8.73E-02,-5.09E-02,1.01E-01,-1.32E-01,,
2.212,8.05E-02,-4.16E-02,9.06E-02,-1.19E-01,,
2.216,7.30E-02,-3.33E-02,8.02E-02,-1.07E-01,,
2.22,6.51E-02,-2.58E-02,7.00E-02,-9.42E-02,,
2.224,5.69E-02,-1.93E-02,6.00E-02,-8.17E-02,,
2.228,4.83E-02,-1.37E-02,5.02E-02,-6.91E-02,,
2.232,3.95E-02,-9.10E-03,4.06E-02,-5.65E-02,,
2.236,3.07E-02,-5.45E-03,3.12E-02,-4.40E-02,,
2.24,2.18E-02,-2.75E-03,2.20E-02,-3.14E-02,,
2.244,1.30E-02,-9.78E-04,1.30E-02,-1.88E-02,,
2.248,4.27E-03,-1.07E-04,4.27E-03,-6.28E-03,,
2.252,-4.20E-03,-1.06E-04,4.20E-03,-7.79E-01,,
2.256,-1.24E-02,-9.35E-04,1.24E-02,-7.67E-01,,
2.26,-2.02E-02,-2.55E-03,2.04E-02,-7.54E-01,,
2.264,-2.76E-02,-4.90E-03,2.80E-02,-7.41E-01,,
2.268,-3.45E-02,-7.94E-03,3.54E-02,-7.29E-01,,
2.272,-4.09E-02,-1.16E-02,4.25E-02,-7.16E-01,,
2.276,-4.66E-02,-1.58E-02,4.93E-02,-7.04E-01,,
2.28,-5.18E-02,-2.05E-02,5.57E-02,-6.91E-01,,
2.284,-5.63E-02,-2.57E-02,6.19E-02,-6.79E-01,,
2.288,-6.02E-02,-3.11E-02,6.78E-02,-6.66E-01,,
2.292,-6.33E-02,-3.69E-02,7.33E-02,-6.53E-01,,
2.296,-6.58E-02,-4.29E-02,7.85E-02,-6.41E-01,,
2.3,-6.75E-02,-4.90E-02,8.34E-02,-6.28E-01,,
2.304,-6.85E-02,-5.52E-02,8.80E-02,-6.16E-01,,
2.308,-6.88E-02,-6.14E-02,9.22E-02,-6.03E-01,,
2.312,-6.84E-02,-6.75E-02,9.61E-02,-5.91E-01,,
2.316,-6.73E-02,-7.35E-02,9.97E-02,-5.78E-01,,
2.32,-6.56E-02,-7.93E-02,1.03E-01,-5.65E-01,,
2.324,-6.33E-02,-8.48E-02,1.06E-01,-5.53E-01,,
2.328,-6.04E-02,-9.00E-02,1.08E-01,-5.40E-01,,
2.332,-5.69E-02,-9.49E-02,1.11E-01,-5.28E-01,,
2.336,-5.30E-02,-9.93E-02,1.13E-01,-5.15E-01,,
2.34,-4.86E-02,-1.03E-01,1.14E-01,-5.03E-01,,
2.344,-4.39E-02,-1.07E-01,1.15E-01,-4.90E-01,,
2.348,-3.88E-02,-1.10E-01,1.16E-01,-4.78E-01,,
2.352,-3.34E-02,-1.12E-01,1.17E-01,-4.65E-01,,
2.356,-2.78E-02,-1.14E-01,1.17E-01,-4.52E-01,,
2.36,-2.20E-02,-1.15E-01,1.18E-01,-4.40E-01,,
2.364,-1.62E-02,-1.16E-01,1.17E-01,-4.27E-01,,
2.368,-1.03E-02,-1.16E-01,1.17E-01,-4.15E-01,,
2.372,-4.37E-03,-1.16E-01,1.16E-01,-4.02E-01,,
2.376,1.44E-03,-1.15E-01,1.15E-01,-3.90E-01,,
2.38,7.13E-03,-1.13E-01,1.14E-01,-3.77E-01,,
2.384,1.26E-02,-1.11E-01,1.12E-01,-3.64E-01,,
2.388,1.79E-02,-1.09E-01,1.10E-01,-3.52E-01,,
2.392,2.29E-02,-1.06E-01,1.08E-01,-3.39E-01,,
2.396,2.76E-02,-1.02E-01,1.06E-01,-3.27E-01,,
2.4,3.19E-02,-9.82E-02,1.03E-01,-3.14E-01,,
2.404,3.58E-02,-9.39E-02,1.00E-01,-3.02E-01,,
2.408,3.93E-02,-8.93E-02,9.75E-02,-2.89E-01,,
2.412,4.23E-02,-8.44E-02,9.44E-02,-2.76E-01,,
2.416,4.49E-02,-7.92E-02,9.11E-02,-2.64E-01,,
2.42,4.69E-02,-7.40E-02,8.76E-02,-2.51E-01,,
2.424,4.85E-02,-6.85E-02,8.39E-02,-2.39E-01,,
2.428,4.95E-02,-6.30E-02,8.02E-02,-2.26E-01,,
2.432,5.01E-02,-5.75E-02,7.62E-02,-2.14E-01,,
2.436,5.01E-02,-5.20E-02,7.22E-02,-2.01E-01,,
2.44,4.96E-02,-4.66E-02,6.80E-02,-1.88E-01,,
2.444,4.86E-02,-4.13E-02,6.38E-02,-1.76E-01,,
2.448,4.72E-02,-3.61E-02,5.94E-02,-1.63E-01,,
2.452,4.53E-02,-3.12E-02,5.50E-02,-1.51E-01,,
2.456,4.30E-02,-2.65E-02,5.05E-02,-1.38E-01,,
2.46,4.03E-02,-2.21E-02,4.60E-02,-1.26E-01,,
2.464,3.72E-02,-1.81E-02,4.14E-02,-1.13E-01,,
2.468,3.38E-02,-1.44E-02,3.68E-02,-1.01E-01,,
2.472,3.02E-02,-1.11E-02,3.21E-02,-8.80E-02,,
2.476,2.62E-02,-8.16E-03,2.75E-02,-7.54E-02,,
2.48,2.21E-02,-5.68E-03,2.28E-02,-6.28E-02,,
2.484,1.78E-02,-3.63E-03,1.82E-02,-5.03E-02,,
2.488,1.34E-02,-2.04E-03,1.36E-02,-3.77E-02,,
2.492,8.96E-03,-9.04E-04,9.01E-03,-2.51E-02,,
2.496,4.47E-03,-2.25E-04,4.48E-03,-1.26E-02,,
2.5,4.95E-08,-2.56E-09,4.95E-08,-1.29E-02,,
2.504,-4.40E-03,-2.21E-04,4.41E-03,-7.73E-01,,
2.508,-8.70E-03,-8.78E-04,8.75E-03,-7.60E-01,,
2.512,-1.29E-02,-1.95E-03,1.30E-02,-7.48E-01,,
2.516,-1.68E-02,-3.43E-03,1.72E-02,-7.35E-01,,
2.52,-2.06E-02,-5.28E-03,2.12E-02,-7.23E-01,,
2.524,-2.40E-02,-7.48E-03,2.52E-02,-7.10E-01,,
2.528,-2.72E-02,-9.99E-03,2.90E-02,-6.97E-01,,
2.532,-3.01E-02,-1.28E-02,3.27E-02,-6.85E-01,,
2.536,-3.26E-02,-1.59E-02,3.63E-02,-6.72E-01,,
2.54,-3.48E-02,-1.91E-02,3.97E-02,-6.60E-01,,
2.544,-3.66E-02,-2.26E-02,4.30E-02,-6.47E-01,,
2.548,-3.80E-02,-2.62E-02,4.62E-02,-6.35E-01,,
2.552,-3.90E-02,-2.99E-02,4.91E-02,-6.22E-01,,
2.556,-3.96E-02,-3.36E-02,5.20E-02,-6.09E-01,,
2.56,-3.98E-02,-3.74E-02,5.46E-02,-5.97E-01,,
2.564,-3.96E-02,-4.11E-02,5.71E-02,-5.84E-01,,
2.568,-3.90E-02,-4.48E-02,5.94E-02,-5.72E-01,,
2.572,-3.80E-02,-4.84E-02,6.15E-02,-5.59E-01,,
2.576,-3.67E-02,-5.18E-02,6.35E-02,-5.47E-01,,
2.58,-3.50E-02,-5.51E-02,6.53E-02,-5.34E-01,,
2.584,-3.29E-02,-5.82E-02,6.68E-02,-5.22E-01,,
2.588,-3.06E-02,-6.10E-02,6.82E-02,-5.09E-01,,
2.592,-2.80E-02,-6.36E-02,6.94E-02,-4.96E-01,,
2.596,-2.51E-02,-6.58E-02,7.05E-02,-4.84E-01,,
2.6,-2.20E-02,-6.78E-02,7.13E-02,-4.71E-01,,
2.604,-1.88E-02,-6.94E-02,7.19E-02,-4.59E-01,,
2.608,-1.53E-02,-7.07E-02,7.24E-02,-4.46E-01,,
2.612,-1.18E-02,-7.17E-02,7.27E-02,-4.34E-01,,
2.616,-8.21E-03,-7.23E-02,7.27E-02,-4.21E-01,,
2.62,-4.56E-03,-7.25E-02,7.26E-02,-4.08E-01,,
2.624,-9.09E-04,-7.24E-02,7.24E-02,-3.96E-01,,
2.628,2.71E-03,-7.19E-02,7.19E-02,-3.83E-01,,
2.632,6.26E-03,-7.10E-02,7.13E-02,-3.71E-01,,
2.636,9.71E-03,-6.98E-02,7.05E-02,-3.58E-01,,
2.64,1.30E-02,-6.83E-02,6.95E-02,-3.46E-01,,
2.644,1.62E-02,-6.64E-02,6.84E-02,-3.33E-01,,
2.648,1.91E-02,-6.43E-02,6.71E-02,-3.20E-01,,
2.652,2.18E-02,-6.19E-02,6.56E-02,-3.08E-01,,
2.656,2.43E-02,-5.92E-02,6.40E-02,-2.95E-01,,
2.66,2.65E-02,-5.63E-02,6.23E-02,-2.83E-01,,
2.664,2.84E-02,-5.33E-02,6.04E-02,-2.70E-01,,
2.668,3.00E-02,-5.01E-02,5.84E-02,-2.58E-01,,
2.672,3.13E-02,-4.67E-02,5.63E-02,-2.45E-01,,
2.676,3.23E-02,-4.33E-02,5.40E-02,-2.32E-01,,
2.68,3.29E-02,-3.98E-02,5.16E-02,-2.20E-01,,
2.684,3.32E-02,-3.63E-02,4.92E-02,-2.07E-01,,
2.688,3.32E-02,-3.27E-02,4.66E-02,-1.95E-01,,
2.692,3.28E-02,-2.93E-02,4.39E-02,-1.82E-01,,
2.696,3.21E-02,-2.59E-02,4.12E-02,-1.70E-01,,
2.7,3.11E-02,-2.26E-02,3.84E-02,-1.57E-01,,
2.704,2.97E-02,-1.94E-02,3.55E-02,-1.45E-01,,
2.708,2.81E-02,-1.64E-02,3.26E-02,-1.32E-01,,
2.712,2.63E-02,-1.36E-02,2.96E-02,-1.19E-01,,
2.716,2.41E-02,-1.10E-02,2.65E-02,-1.07E-01,,
2.72,2.18E-02,-8.63E-03,2.34E-02,-9.42E-02,,
2.724,1.93E-02,-6.53E-03,2.03E-02,-8.17E-02,,
2.728,1.66E-02,-4.70E-03,1.72E-02,-6.91E-02,,
2.732,1.37E-02,-3.16E-03,1.41E-02,-5.65E-02,,
2.736,1.08E-02,-1.91E-03,1.09E-02,-4.40E-02,,
2.74,7.73E-03,-9.77E-04,7.79E-03,-3.14E-02,,
2.744,4.65E-03,-3.51E-04,4.66E-03,-1.89E-02,,
2.748,1.55E-03,-3.89E-05,1.55E-03,-6.29E-03,,
2.752,-1.54E-03,-3.87E-05,1.54E-03,-7.79E-01,,
2.756,-4.58E-03,-3.46E-04,4.59E-03,-7.67E-01,,
2.76,-7.55E-03,-9.54E-04,7.61E-03,-7.54E-01,,
2.764,-1.04E-02,-1.85E-03,1.06E-02,-7.41E-01,,
2.768,-1.31E-02,-3.03E-03,1.35E-02,-7.29E-01,,
2.772,-1.57E-02,-4.46E-03,1.63E-02,-7.16E-01,,
2.776,-1.81E-02,-6.14E-03,1.91E-02,-7.04E-01,,
2.78,-2.03E-02,-8.04E-03,2.18E-02,-6.91E-01,,
2.784,-2.23E-02,-1.01E-02,2.45E-02,-6.79E-01,,
2.788,-2.40E-02,-1.24E-02,2.70E-02,-6.66E-01,,
2.792,-2.55E-02,-1.48E-02,2.95E-02,-6.53E-01,,
2.796,-2.67E-02,-1.74E-02,3.18E-02,-6.41E-01,,
2.8,-2.76E-02,-2.00E-02,3.41E-02,-6.28E-01,,
2.804,-2.82E-02,-2.28E-02,3.63E-02,-6.16E-01,,
2.808,-2.86E-02,-2.55E-02,3.83E-02,-6.03E-01,,
2.812,-2.86E-02,-2.83E-02,4.02E-02,-5.91E-01,,
2.816,-2.84E-02,-3.10E-02,4.21E-02,-5.78E-01,,
2.82,-2.79E-02,-3.37E-02,4.37E-02,-5.65E-01,,
2.824,-2.71E-02,-3.63E-02,4.53E-02,-5.53E-01,,
2.828,-2.60E-02,-3.88E-02,4.68E-02,-5.40E-01,,
2.832,-2.47E-02,-4.12E-02,4.81E-02,-5.28E-01,,
2.836,-2.32E-02,-4.35E-02,4.93E-02,-5.15E-01,,
2.84,-2.14E-02,-4.55E-02,5.03E-02,-5.03E-01,,
2.844,-1.94E-02,-4.74E-02,5.12E-02,-4.90E-01,,
2.848,-1.73E-02,-4.90E-02,5.20E-02,-4.78E-01,,
2.852,-1.50E-02,-5.04E-02,5.26E-02,-4.65E-01,,
2.856,-1.26E-02,-5.16E-02,5.31E-02,-4.52E-01,,
2.86,-1.00E-02,-5.25E-02,5.35E-02,-4.40E-01,,
2.864,-7.40E-03,-5.32E-02,5.37E-02,-4.27E-01,,
2.868,-4.73E-03,-5.36E-02,5.38E-02,-4.15E-01,,
2.872,-2.03E-03,-5.37E-02,5.38E-02,-4.02E-01,,
2.876,6.73E-04,-5.36E-02,5.36E-02,-3.90E-01,,
2.88,3.34E-03,-5.32E-02,5.33E-02,-3.77E-01,,
2.884,5.96E-03,-5.25E-02,5.28E-02,-3.64E-01,,
2.888,8.50E-03,-5.15E-02,5.22E-02,-3.52E-01,,
2.892,1.09E-02,-5.04E-02,5.15E-02,-3.39E-01,,
2.896,1.32E-02,-4.90E-02,5.07E-02,-3.27E-01,,
2.9,1.54E-02,-4.73E-02,4.98E-02,-3.14E-01,,
2.904,1.74E-02,-4.55E-02,4.87E-02,-3.02E-01,,
2.908,1.91E-02,-4.35E-02,4.75E-02,-2.89E-01,,
2.912,2.07E-02,-4.13E-02,4.62E-02,-2.76E-01,,
2.916,2.21E-02,-3.90E-02,4.48E-02,-2.64E-01,,
2.92,2.32E-02,-3.66E-02,4.33E-02,-2.51E-01,,
2.924,2.41E-02,-3.41E-02,4.17E-02,-2.39E-01,,
2.928,2.48E-02,-3.15E-02,4.01E-02,-2.26E-01,,
2.932,2.51E-02,-2.89E-02,3.83E-02,-2.14E-01,,
2.936,2.53E-02,-2.62E-02,3.64E-02,-2.01E-01,,
2.94,2.51E-02,-2.36E-02,3.45E-02,-1.88E-01,,
2.944,2.48E-02,-2.10E-02,3.25E-02,-1.76E-01,,
2.948,2.41E-02,-1.85E-02,3.04E-02,-1.63E-01,,
2.952,2.33E-02,-1.60E-02,2.83E-02,-1.51E-01,,
2.956,2.22E-02,-1.37E-02,2.61E-02,-1.38E-01,,
2.96,2.09E-02,-1.15E-02,2.38E-02,-1.26E-01,,
2.964,1.94E-02,-9.42E-03,2.15E-02,-1.13E-01,,
2.968,1.77E-02,-7.52E-03,1.92E-02,-1.01E-01,,
2.972,1.58E-02,-5.81E-03,1.69E-02,-8.80E-02,,
2.976,1.38E-02,-4.30E-03,1.45E-02,-7.54E-02,,
2.98,1.17E-02,-3.01E-03,1.21E-02,-6.28E-02,,
2.984,9.48E-03,-1.93E-03,9.67E-03,-5.03E-02,,
2.988,7.17E-03,-1.09E-03,7.25E-03,-3.77E-02,,
2.992,4.80E-03,-4.84E-04,4.83E-03,-2.51E-02,,
2.996,2.40E-03,-1.21E-04,2.41E-03,-1.26E-02,,
3,2.22E-08,-2.58E-09,2.24E-08,-2.88E-02,,
3.004,-2.39E-03,-1.20E-04,2.39E-03,-7.73E-01,,
3.008,-4.73E-03,-4.78E-04,4.76E-03,-7.60E-01,,
3.012,-7.02E-03,-1.07E-03,7.10E-03,-7.48E-01,,
3.016,-9.22E-03,-1.88E-03,9.41E-03,-7.35E-01,,
3.02,-1.13E-02,-2.90E-03,1.17E-02,-7.23E-01,,
3.024,-1.33E-02,-4.13E-03,1.39E-02,-7.10E-01,,
3.028,-1.51E-02,-5.54E-03,1.61E-02,-6.97E-01,,
3.032,-1.67E-02,-7.12E-03,1.82E-02,-6.85E-01,,
3.036,-1.82E-02,-8.85E-03,2.02E-02,-6.72E-01,,
3.04,-1.95E-02,-1.07E-02,2.22E-02,-6.60E-01,,
3.044,-2.06E-02,-1.27E-02,2.42E-02,-6.47E-01,,
3.048,-2.14E-02,-1.48E-02,2.60E-02,-6.35E-01,,
3.052,-2.21E-02,-1.69E-02,2.78E-02,-6.22E-01,,
3.056,-2.25E-02,-1.91E-02,2.95E-02,-6.09E-01,,
3.06,-2.27E-02,-2.13E-02,3.11E-02,-5.97E-01,,
3.064,-2.26E-02,-2.35E-02,3.26E-02,-5.84E-01,,
3.068,-2.23E-02,-2.57E-02,3.40E-02,-5.72E-01,,
3.072,-2.18E-02,-2.78E-02,3.54E-02,-5.59E-01,,
3.076,-2.11E-02,-2.99E-02,3.66E-02,-5.47E-01,,
3.08,-2.02E-02,-3.18E-02,3.77E-02,-5.34E-01,,
3.084,-1.91E-02,-3.37E-02,3.88E-02,-5.22E-01,,
3.088,-1.78E-02,-3.55E-02,3.97E-02,-5.09E-01,,
3.092,-1.63E-02,-3.71E-02,4.05E-02,-4.96E-01,,
3.096,-1.47E-02,-3.85E-02,4.12E-02,-4.84E-01,,
3.1,-1.29E-02,-3.98E-02,4.18E-02,-4.71E-01,,
3.104,-1.10E-02,-4.09E-02,4.23E-02,-4.59E-01,,
3.108,-9.05E-03,-4.17E-02,4.27E-02,-4.46E-01,,
3.112,-6.99E-03,-4.24E-02,4.30E-02,-4.34E-01,,
3.116,-4.87E-03,-4.29E-02,4.32E-02,-4.21E-01,,
3.12,-2.71E-03,-4.31E-02,4.32E-02,-4.08E-01,,
3.124,-5.42E-04,-4.32E-02,4.32E-02,-3.96E-01,,
3.128,1.62E-03,-4.30E-02,4.30E-02,-3.83E-01,,
3.132,3.75E-03,-4.26E-02,4.27E-02,-3.71E-01,,
3.136,5.84E-03,-4.20E-02,4.24E-02,-3.58E-01,,
3.14,7.85E-03,-4.11E-02,4.19E-02,-3.46E-01,,
3.144,9.77E-03,-4.01E-02,4.13E-02,-3.33E-01,,
3.148,1.16E-02,-3.89E-02,4.06E-02,-3.20E-01,,
3.152,1.33E-02,-3.76E-02,3.99E-02,-3.08E-01,,
3.156,1.48E-02,-3.61E-02,3.90E-02,-2.95E-01,,
3.16,1.62E-02,-3.44E-02,3.80E-02,-2.83E-01,,
3.164,1.74E-02,-3.26E-02,3.70E-02,-2.70E-01,,
3.168,1.84E-02,-3.07E-02,3.58E-02,-2.58E-01,,
3.172,1.93E-02,-2.87E-02,3.46E-02,-2.45E-01,,
3.176,1.99E-02,-2.67E-02,3.33E-02,-2.32E-01,,
3.18,2.03E-02,-2.46E-02,3.19E-02,-2.20E-01,,
3.184,2.06E-02,-2.25E-02,3.04E-02,-2.07E-01,,
3.188,2.06E-02,-2.03E-02,2.89E-02,-1.95E-01,,
3.192,2.04E-02,-1.82E-02,2.73E-02,-1.82E-01,,
3.196,2.00E-02,-1.61E-02,2.57E-02,-1.70E-01,,
3.2,1.94E-02,-1.41E-02,2.40E-02,-1.57E-01,,
3.204,1.86E-02,-1.21E-02,2.22E-02,-1.45E-01,,
3.208,1.77E-02,-1.03E-02,2.04E-02,-1.32E-01,,
3.212,1.65E-02,-8.55E-03,1.86E-02,-1.19E-01,,
3.216,1.52E-02,-6.93E-03,1.67E-02,-1.07E-01,,
3.22,1.38E-02,-5.45E-03,1.48E-02,-9.42E-02,,
3.224,1.22E-02,-4.13E-03,1.29E-02,-8.17E-02,,
3.228,1.05E-02,-2.98E-03,1.09E-02,-6.91E-02,,
3.232,8.72E-03,-2.01E-03,8.95E-03,-5.66E-02,,
3.236,6.86E-03,-1.22E-03,6.96E-03,-4.40E-02,,
3.24,4.93E-03,-6.23E-04,4.97E-03,-3.14E-02,,
3.244,2.97E-03,-2.25E-04,2.98E-03,-1.89E-02,,
3.248,9.91E-04,-2.49E-05,9.92E-04,-6.28E-03,,
3.252,-9.89E-04,-2.48E-05,9.89E-04,-7.79E-01,,
3.256,-2.95E-03,-2.23E-04,2.96E-03,-7.67E-01,,
3.26,-4.87E-03,-6.15E-04,4.91E-03,-7.54E-01,,
3.264,-6.73E-03,-1.20E-03,6.83E-03,-7.41E-01,,
3.268,-8.51E-03,-1.96E-03,8.73E-03,-7.29E-01,,
3.272,-1.02E-02,-2.89E-03,1.06E-02,-7.16E-01,,
3.276,-1.18E-02,-3.99E-03,1.24E-02,-7.04E-01,,
3.28,-1.32E-02,-5.23E-03,1.42E-02,-6.91E-01,,
3.284,-1.45E-02,-6.61E-03,1.60E-02,-6.79E-01,,
3.288,-1.57E-02,-8.11E-03,1.77E-02,-6.66E-01,,
3.292,-1.67E-02,-9.72E-03,1.93E-02,-6.53E-01,,
3.296,-1.75E-02,-1.14E-02,2.09E-02,-6.41E-01,,
3.3,-1.81E-02,-1.32E-02,2.24E-02,-6.28E-01,,
3.304,-1.86E-02,-1.50E-02,2.39E-02,-6.16E-01,,
3.308,-1.88E-02,-1.68E-02,2.53E-02,-6.03E-01,,
3.312,-1.89E-02,-1.87E-02,2.66E-02,-5.91E-01,,
3.316,-1.88E-02,-2.05E-02,2.78E-02,-5.78E-01,,
3.32,-1.85E-02,-2.23E-02,2.90E-02,-5.65E-01,,
3.324,-1.80E-02,-2.41E-02,3.01E-02,-5.53E-01,,
3.328,-1.73E-02,-2.58E-02,3.11E-02,-5.40E-01,,
3.332,-1.65E-02,-2.75E-02,3.20E-02,-5.28E-01,,
3.336,-1.55E-02,-2.90E-02,3.29E-02,-5.15E-01,,
3.34,-1.43E-02,-3.04E-02,3.36E-02,-5.03E-01,,
3.344,-1.30E-02,-3.17E-02,3.43E-02,-4.90E-01,,
3.348,-1.16E-02,-3.29E-02,3.48E-02,-4.78E-01,,
3.352,-1.01E-02,-3.39E-02,3.53E-02,-4.65E-01,,
3.356,-8.45E-03,-3.47E-02,3.57E-02,-4.52E-01,,
3.36,-6.75E-03,-3.54E-02,3.60E-02,-4.40E-01,,
3.364,-4.99E-03,-3.59E-02,3.62E-02,-4.27E-01,,
3.368,-3.19E-03,-3.62E-02,3.64E-02,-4.15E-01,,
3.372,-1.37E-03,-3.64E-02,3.64E-02,-4.02E-01,,
3.376,4.56E-04,-3.63E-02,3.63E-02,-3.90E-01,,
3.38,2.27E-03,-3.61E-02,3.62E-02,-3.77E-01,,
3.384,4.05E-03,-3.57E-02,3.59E-02,-3.64E-01,,
3.388,5.79E-03,-3.51E-02,3.56E-02,-3.52E-01,,
3.392,7.45E-03,-3.43E-02,3.51E-02,-3.39E-01,,
3.396,9.03E-03,-3.34E-02,3.46E-02,-3.27E-01,,
3.4,1.05E-02,-3.24E-02,3.40E-02,-3.14E-01,,
3.404,1.19E-02,-3.12E-02,3.34E-02,-3.02E-01,,
3.408,1.31E-02,-2.98E-02,3.26E-02,-2.89E-01,,
3.412,1.42E-02,-2.84E-02,3.18E-02,-2.76E-01,,
3.416,1.52E-02,-2.68E-02,3.08E-02,-2.64E-01,,
3.42,1.60E-02,-2.52E-02,2.99E-02,-2.51E-01,,
3.424,1.66E-02,-2.35E-02,2.88E-02,-2.39E-01,,
3.428,1.71E-02,-2.18E-02,2.77E-02,-2.26E-01,,
3.432,1.74E-02,-2.00E-02,2.65E-02,-2.14E-01,,
3.436,1.75E-02,-1.82E-02,2.52E-02,-2.01E-01,,
3.44,1.74E-02,-1.64E-02,2.39E-02,-1.88E-01,,
3.444,1.72E-02,-1.46E-02,2.26E-02,-1.76E-01,,
3.448,1.68E-02,-1.29E-02,2.11E-02,-1.63E-01,,
3.452,1.62E-02,-1.12E-02,1.97E-02,-1.51E-01,,
3.456,1.55E-02,-9.55E-03,1.82E-02,-1.38E-01,,
3.46,1.46E-02,-8.02E-03,1.66E-02,-1.26E-01,,
3.464,1.35E-02,-6.58E-03,1.51E-02,-1.13E-01,,
3.468,1.24E-02,-5.27E-03,1.35E-02,-1.01E-01,,
3.472,1.11E-02,-4.07E-03,1.18E-02,-8.80E-02,,
3.476,9.71E-03,-3.02E-03,1.02E-02,-7.54E-02,,
3.48,8.22E-03,-2.11E-03,8.49E-03,-6.28E-02,,
3.484,6.67E-03,-1.36E-03,6.80E-03,-5.03E-02,,
3.488,5.05E-03,-7.68E-04,5.11E-03,-3.77E-02,,
3.492,3.39E-03,-3.42E-04,3.40E-03,-2.51E-02,,
3.496,1.70E-03,-8.56E-05,1.70E-03,-1.26E-02,,
3.5,3.56E-08,1.41E-08,3.82E-08,9.42E-02,,
3.504,-1.69E-03,-8.50E-05,1.69E-03,-7.73E-01,,
3.508,-3.36E-03,-3.39E-04,3.37E-03,-7.60E-01,,
3.512,-4.98E-03,-7.57E-04,5.04E-03,-7.48E-01,,
3.516,-6.55E-03,-1.33E-03,6.68E-03,-7.35E-01,,
3.52,-8.04E-03,-2.06E-03,8.30E-03,-7.23E-01,,
3.524,-9.45E-03,-2.94E-03,9.89E-03,-7.10E-01,,
3.528,-1.08E-02,-3.95E-03,1.15E-02,-6.97E-01,,
3.532,-1.19E-02,-5.08E-03,1.30E-02,-6.85E-01,,
3.536,-1.30E-02,-6.32E-03,1.45E-02,-6.72E-01,,
3.54,-1.39E-02,-7.66E-03,1.59E-02,-6.60E-01,,
3.544,-1.47E-02,-9.09E-03,1.73E-02,-6.47E-01,,
3.548,-1.54E-02,-1.06E-02,1.86E-02,-6.35E-01,,
3.552,-1.58E-02,-1.21E-02,1.99E-02,-6.22E-01,,
3.556,-1.61E-02,-1.37E-02,2.12E-02,-6.09E-01,,
3.56,-1.63E-02,-1.53E-02,2.24E-02,-5.97E-01,,
3.564,-1.63E-02,-1.69E-02,2.35E-02,-5.84E-01,,
3.568,-1.61E-02,-1.85E-02,2.45E-02,-5.72E-01,,
3.572,-1.58E-02,-2.01E-02,2.55E-02,-5.59E-01,,
3.576,-1.53E-02,-2.16E-02,2.64E-02,-5.47E-01,,
3.58,-1.46E-02,-2.30E-02,2.73E-02,-5.34E-01,,
3.584,-1.38E-02,-2.44E-02,2.81E-02,-5.22E-01,,
3.588,-1.29E-02,-2.57E-02,2.88E-02,-5.09E-01,,
3.592,-1.18E-02,-2.69E-02,2.94E-02,-4.96E-01,,
3.596,-1.07E-02,-2.80E-02,2.99E-02,-4.84E-01,,
3.6,-9.40E-03,-2.89E-02,3.04E-02,-4.71E-01,,
3.604,-8.03E-03,-2.97E-02,3.08E-02,-4.59E-01,,
3.608,-6.60E-03,-3.04E-02,3.11E-02,-4.46E-01,,
3.612,-5.10E-03,-3.09E-02,3.13E-02,-4.34E-01,,
3.616,-3.56E-03,-3.13E-02,3.15E-02,-4.21E-01,,
3.62,-1.98E-03,-3.15E-02,3.16E-02,-4.08E-01,,
3.624,-3.97E-04,-3.16E-02,3.16E-02,-3.96E-01,,
3.628,1.19E-03,-3.15E-02,3.15E-02,-3.83E-01,,
3.632,2.75E-03,-3.12E-02,3.13E-02,-3.71E-01,,
3.636,4.28E-03,-3.08E-02,3.11E-02,-3.58E-01,,
3.64,5.76E-03,-3.02E-02,3.08E-02,-3.46E-01,,
3.644,7.18E-03,-2.95E-02,3.04E-02,-3.33E-01,,
3.648,8.52E-03,-2.87E-02,2.99E-02,-3.20E-01,,
3.652,9.77E-03,-2.77E-02,2.94E-02,-3.08E-01,,
3.656,1.09E-02,-2.66E-02,2.87E-02,-2.95E-01,,
3.66,1.19E-02,-2.54E-02,2.80E-02,-2.83E-01,,
3.664,1.28E-02,-2.41E-02,2.73E-02,-2.70E-01,,
3.668,1.36E-02,-2.27E-02,2.65E-02,-2.58E-01,,
3.672,1.43E-02,-2.13E-02,2.56E-02,-2.45E-01,,
3.676,1.47E-02,-1.98E-02,2.46E-02,-2.32E-01,,
3.68,1.51E-02,-1.82E-02,2.36E-02,-2.20E-01,,
3.684,1.53E-02,-1.67E-02,2.26E-02,-2.07E-01,,
3.688,1.53E-02,-1.51E-02,2.15E-02,-1.95E-01,,
3.692,1.52E-02,-1.35E-02,2.03E-02,-1.82E-01,,
3.696,1.49E-02,-1.20E-02,1.91E-02,-1.70E-01,,
3.7,1.44E-02,-1.05E-02,1.79E-02,-1.57E-01,,
3.704,1.39E-02,-9.05E-03,1.66E-02,-1.45E-01,,
3.708,1.32E-02,-7.68E-03,1.52E-02,-1.32E-01,,
3.712,1.23E-02,-6.38E-03,1.39E-02,-1.19E-01,,
3.716,1.14E-02,-5.18E-03,1.25E-02,-1.07E-01,,
3.72,1.03E-02,-4.08E-03,1.11E-02,-9.42E-02,,
3.724,9.13E-03,-3.09E-03,9.64E-03,-8.17E-02,,
3.728,7.87E-03,-2.23E-03,8.18E-03,-6.91E-02,,
3.732,6.54E-03,-1.50E-03,6.71E-03,-5.65E-02,,
3.736,5.14E-03,-9.15E-04,5.23E-03,-4.40E-02,,
3.74,3.71E-03,-4.68E-04,3.73E-03,-3.14E-02,,
3.744,2.23E-03,-1.69E-04,2.24E-03,-1.88E-02,,
3.748,7.46E-04,-1.87E-05,7.46E-04,-6.26E-03,,
3.752,-7.44E-04,-1.87E-05,7.45E-04,-7.79E-01,,
3.756,-2.22E-03,-1.68E-04,2.23E-03,-7.67E-01,,
3.76,-3.67E-03,-4.64E-04,3.70E-03,-7.54E-01,,
3.764,-5.08E-03,-9.02E-04,5.16E-03,-7.41E-01,,
3.768,-6.43E-03,-1.48E-03,6.59E-03,-7.29E-01,,
3.772,-7.71E-03,-2.19E-03,8.01E-03,-7.16E-01,,
3.776,-8.90E-03,-3.02E-03,9.40E-03,-7.04E-01,,
3.78,-1.00E-02,-3.96E-03,1.08E-02,-6.91E-01,,
3.784,-1.10E-02,-5.01E-03,1.21E-02,-6.79E-01,,
3.788,-1.19E-02,-6.15E-03,1.34E-02,-6.66E-01,,
3.792,-1.26E-02,-7.37E-03,1.46E-02,-6.53E-01,,
3.796,-1.33E-02,-8.66E-03,1.59E-02,-6.41E-01,,
3.8,-1.38E-02,-1.00E-02,1.70E-02,-6.28E-01,,
3.804,-1.41E-02,-1.14E-02,1.81E-02,-6.16E-01,,
3.808,-1.43E-02,-1.28E-02,1.92E-02,-6.03E-01,,
3.812,-1.44E-02,-1.42E-02,2.02E-02,-5.91E-01,,
3.816,-1.43E-02,-1.56E-02,2.12E-02,-5.78E-01,,
3.82,-1.41E-02,-1.70E-02,2.21E-02,-5.65E-01,,
3.824,-1.37E-02,-1.84E-02,2.30E-02,-5.53E-01,,
3.828,-1.32E-02,-1.97E-02,2.37E-02,-5.40E-01,,
3.832,-1.26E-02,-2.10E-02,2.45E-02,-5.28E-01,,
3.836,-1.18E-02,-2.22E-02,2.51E-02,-5.15E-01,,
3.84,-1.10E-02,-2.33E-02,2.57E-02,-5.03E-01,,
3.844,-9.97E-03,-2.43E-02,2.63E-02,-4.90E-01,,
3.848,-8.89E-03,-2.52E-02,2.67E-02,-4.78E-01,,
3.852,-7.73E-03,-2.60E-02,2.71E-02,-4.65E-01,,
3.856,-6.49E-03,-2.67E-02,2.74E-02,-4.52E-01,,
3.86,-5.19E-03,-2.72E-02,2.77E-02,-4.40E-01,,
3.864,-3.84E-03,-2.76E-02,2.79E-02,-4.27E-01,,
3.868,-2.46E-03,-2.79E-02,2.80E-02,-4.15E-01,,
3.872,-1.06E-03,-2.80E-02,2.80E-02,-4.02E-01,,
3.876,3.52E-04,-2.80E-02,2.80E-02,-3.90E-01,,
3.88,1.75E-03,-2.78E-02,2.79E-02,-3.77E-01,,
3.884,3.13E-03,-2.75E-02,2.77E-02,-3.64E-01,,
3.888,4.47E-03,-2.71E-02,2.75E-02,-3.52E-01,,
3.892,5.76E-03,-2.65E-02,2.72E-02,-3.39E-01,,
3.896,6.98E-03,-2.58E-02,2.68E-02,-3.27E-01,,
3.9,8.14E-03,-2.50E-02,2.63E-02,-3.14E-01,,
3.904,9.20E-03,-2.41E-02,2.58E-02,-3.02E-01,,
3.908,1.02E-02,-2.31E-02,2.52E-02,-2.89E-01,,
3.912,1.10E-02,-2.20E-02,2.46E-02,-2.76E-01,,
3.916,1.18E-02,-2.08E-02,2.39E-02,-2.64E-01,,
3.92,1.24E-02,-1.96E-02,2.32E-02,-2.51E-01,,
3.924,1.29E-02,-1.83E-02,2.24E-02,-2.39E-01,,
3.928,1.33E-02,-1.69E-02,2.15E-02,-2.26E-01,,
3.932,1.35E-02,-1.55E-02,2.06E-02,-2.14E-01,,
3.936,1.36E-02,-1.41E-02,1.96E-02,-2.01E-01,,
3.94,1.36E-02,-1.27E-02,1.86E-02,-1.88E-01,,
3.944,1.34E-02,-1.14E-02,1.76E-02,-1.76E-01,,
3.948,1.31E-02,-1.00E-02,1.65E-02,-1.63E-01,,
3.952,1.26E-02,-8.71E-03,1.54E-02,-1.51E-01,,
3.956,1.21E-02,-7.45E-03,1.42E-02,-1.38E-01,,
3.96,1.14E-02,-6.26E-03,1.30E-02,-1.26E-01,,
3.964,1.06E-02,-5.15E-03,1.18E-02,-1.13E-01,,
3.968,9.68E-03,-4.12E-03,1.05E-02,-1.01E-01,,
3.972,8.68E-03,-3.19E-03,9.25E-03,-8.80E-02,,
3.976,7.60E-03,-2.36E-03,7.96E-03,-7.54E-02,,
3.98,6.44E-03,-1.65E-03,6.65E-03,-6.28E-02,,
3.984,5.23E-03,-1.07E-03,5.33E-03,-5.03E-02,,
3.988,3.96E-03,-6.02E-04,4.00E-03,-3.77E-02,,
3.992,2.66E-03,-2.68E-04,2.67E-03,-2.51E-02,,
3.996,1.33E-03,-6.71E-05,1.34E-03,-1.26E-02,,
