frequency,real,img,mag,phase
0,5.57E-07,0,5.57E-07,0
0.004,-7.66E-05,-5.43E-05,9.39E-05,-2.524541813
0.008,-2.67E-04,-1.69E-04,3.16E-04,-2.576670448
0.012,-4.75E-04,-4.60E-04,6.61E-04,-2.371613136
0.016,-5.78E-04,-9.18E-04,0.001084459,-2.132612354
0.02,-4.59E-04,-0.001448321,0.001519248,-1.877564362
0.024,-1.16E-04,-0.001908714,0.001912226,-1.631411966
0.028,4.23E-04,-0.002151162,0.002192384,-1.3765699
0.032,9.77E-04,-0.002091714,0.00230875,-1.13372239
0.036,0.001411479,-0.001704606,0.002213132,-0.879191254
0.04,0.00151392,-0.001100642,0.001871728,-0.628627456
0.044,0.001193732,-4.78E-04,0.001285955,-0.381024073
0.048,4.74E-04,-6.37E-05,4.78E-04,-0.13366604
0.052,-5.18E-04,-6.37E-05,5.22E-04,-3.019165789
0.056,-0.001529446,-6.05E-04,0.001644748,-2.764927483
0.06,-0.002277122,-0.001653137,0.00281392,-2.513644615
0.064,-0.002497214,-0.003030982,0.003927204,-2.259939222
0.068,-0.002091995,-0.004436405,0.004904909,-2.011427539
0.072,-0.001056273,-0.005535084,0.005634969,-1.75936155
0.076,3.79E-04,-0.006034525,0.006046429,-1.508035362
0.08,0.001878101,-0.005778025,0.006075594,-1.256526373
0.084,0.003030173,-0.004776369,0.005656469,-1.005459384
0.088,0.00349544,-0.003288757,0.004799377,-0.754942212
0.092,0.003095566,-0.001705171,0.003534139,-0.503490176
0.096,0.001850278,-4.79E-04,0.001911259,-0.2532886
0.1,5.46E-07,8.36E-08,5.53E-07,0.151742616
0.104,-0.001993323,-5.14E-04,0.002058408,-2.889452648
0.108,-0.003638084,-0.00200146,0.004152289,-2.638641047
0.112,-0.004462483,-0.004188947,0.006120541,-2.387801341
0.116,-0.004194106,-0.006602571,0.00782205,-2.136713295
0.12,-0.002816428,-0.008667252,0.00911337,-1.884983429
0.124,-6.21E-04,-0.009866782,0.009886293,-1.633632408
0.128,0.001882558,-0.009868745,0.010046699,-1.382301375
0.132,0.004069604,-0.008639917,0.009550384,-1.130597413
0.136,0.005338064,-0.006454097,0.008375578,-0.879759039
0.14,0.005323607,-0.003868839,0.006580934,-0.62844294
0.144,0.003941955,-0.001561568,0.004239988,-0.377174767
0.148,0.001470935,-1.86E-04,0.001482631,-0.125689816
0.152,-0.001517149,-1.90E-04,0.001529049,-3.016749583
0.156,-0.004270593,-0.001691532,0.004593391,-2.764462979
0.16,-0.006091947,-0.004425214,0.007529564,-2.513364825
0.164,-0.006452284,-0.007799934,0.010122793,-2.261917546
0.168,-0.005187076,-0.011022702,0.012182188,-2.010633108
0.172,-0.002538687,-0.013306452,0.013546461,-1.759316916
0.176,8.85E-04,-0.014060149,0.014087986,-1.507921758
0.18,0.004248906,-0.013063742,0.013737341,-1.256343619
0.184,0.006676941,-0.010529894,0.012468368,-1.005684337
0.188,0.007530364,-0.007073384,0.010331464,-0.754116374
0.192,0.006509514,-0.003580292,0.007429149,-0.502850214
0.196,0.003793851,-9.75E-04,0.003917048,-0.25146635
0.2,5.47E-07,8.28E-08,5.53E-07,0.150372501
0.204,-0.003952135,-0.00101532,0.004080471,-2.890126642
0.208,-0.0070647,-0.003883772,0.008061866,-2.638946466
0.212,-0.008515131,-0.007995275,0.011680406,-2.387670665
0.216,-0.00786874,-0.012399352,0.014685401,-2.136275631
0.22,-0.005216666,-0.016028715,0.016856254,-1.885442016
0.224,-0.001126459,-0.017984414,0.018019657,-1.633349927
0.228,0.003378886,-0.017737162,0.018056129,-1.382554189
0.232,0.007210352,-0.015321161,0.016933019,-1.130932664
0.236,0.009353777,-0.011307271,0.014674724,-0.879667533
0.24,0.009216194,-0.006696314,0.011392052,-0.628343929
0.244,0.006739857,-0.002691396,0.00725736,-0.379924672
0.248,0.00249348,-3.15E-04,0.002513277,-0.125598599
0.252,-0.002532672,-3.20E-04,0.002552844,-3.01579692
0.256,-0.007088755,-0.002806778,0.007624202,-2.764584317
0.26,-0.010008246,-0.007272373,0.012371434,-2.513211524
0.264,-0.010500581,-0.012693528,0.016473853,-2.261927149
0.268,-0.008365655,-0.017778978,0.019648823,-2.010596424
0.272,-0.004060481,-0.021281513,0.021665418,-1.75932886
0.276,0.00140445,-0.022302532,0.022346709,-1.507906682
0.28,0.006679829,-0.020556261,0.021614347,-1.256606503
0.284,0.010439574,-0.016447491,0.019480879,-1.005236901
0.288,0.011673013,-0.010971319,0.016019646,-0.754420466
0.292,0.010023679,-0.00550984,0.011438202,-0.502599391
0.296,0.005800064,-0.00148984,0.005988353,-0.251430316
0.3,5.70E-07,5.10E-08,5.72E-07,0.08927727
0.304,-0.00596653,-0.001528399,0.006159179,-2.890822764
0.308,-0.01059738,-0.005825954,0.012093229,-2.638938217
0.312,-0.012700198,-0.011924273,0.017420773,-2.387694404
0.316,-0.011668608,-0.018384792,0.021775146,-2.136332024
0.32,-0.007681151,-0.02363776,0.024854452,-1.884985329
0.324,-0.001660318,-0.026374215,0.026426424,-1.633665688
0.328,0.004932932,-0.025881996,0.026347894,-1.382461943
0.332,0.010466707,-0.022243198,0.024582755,-1.130978787
0.336,0.013513454,-0.016336555,0.021201332,-0.879693885
0.34,0.013249522,-0.009626762,0.016377557,-0.628339297
0.344,0.009655341,-0.003823102,0.010384687,-0.377016333
0.348,0.003550669,-4.50E-04,0.003579036,-0.125987337
0.352,-0.003594299,-4.55E-04,0.003622941,-3.01576709
0.356,-0.010016356,-0.003967638,0.010773557,-2.764439113
0.36,-0.014079159,-0.010228317,0.017402333,-2.513310875
0.364,-0.014714599,-0.017784785,0.02308285,-2.262004973
0.368,-0.011677534,-0.024815228,0.027425541,-2.010631633
0.372,-0.00564489,-0.029586791,0.030120474,-1.759321486
0.376,0.001942497,-0.030894214,0.030955222,-1.508003226
0.38,0.009220341,-0.028376174,0.029836587,-1.256625486
0.384,0.014352637,-0.022619479,0.026788785,-1.005376495
0.388,0.016011167,-0.015035075,0.021963855,-0.753968592
0.392,0.01369506,-0.007528593,0.015628,-0.502636311
0.396,0.007895698,-0.002030874,0.008152699,-0.251755518
0.4,4.20E-07,-8.78E-06,8.79E-06,-1.523011981
0.404,-0.008068134,-0.002075366,0.008330782,-2.889820969
0.408,-0.014298855,-0.007857802,0.016315707,-2.639102187
0.412,-0.017085143,-0.016043326,0.023436946,-2.387631901
0.416,-0.015652745,-0.024665127,0.029212615,-2.136276637
0.42,-0.010276542,-0.031624922,0.033252715,-1.884983688
0.424,-0.002212166,-0.035188975,0.035258441,-1.633579032
0.428,0.006569768,-0.034439974,0.035060999,-1.382300999
0.432,0.013892211,-0.029524366,0.032629461,-1.130998343
0.436,0.017891333,-0.021616919,0.028060488,-0.879419076
0.44,0.017498667,-0.012711694,0.021628466,-0.628250011
0.444,0.012721652,-0.00503332,0.013681182,-0.376750617
0.448,0.00466772,-5.91E-04,0.004704931,-0.125851911
0.452,-0.004712707,-5.96E-04,0.004750211,-3.015850054
0.456,-0.013099241,-0.005186825,0.014088764,-2.764570614
0.46,-0.018379323,-0.013352486,0.022717579,-2.513305245
0.464,-0.019165742,-0.023168237,0.030068138,-2.261929023
0.468,-0.015184502,-0.032261273,0.035656119,-2.010708085
0.472,-0.007323028,-0.038387183,0.039079439,-1.759298945
0.476,0.002514792,-0.039994094,0.040073079,-1.507999911
0.48,0.011911794,-0.036662285,0.038548852,-1.25664951
0.484,0.018508251,-0.029165565,0.034542518,-1.005328686
0.488,0.02060539,-0.019355382,0.028270354,-0.754127494
0.492,0.017594322,-0.009675536,0.020079247,-0.50278468
0.496,0.010131727,-0.002601181,0.010460307,-0.251308477
0.5,5.54E-07,7.88E-08,5.59E-07,0.141369459
0.504,-0.010314695,-0.002649647,0.01064958,-2.890148486
0.508,-0.018241839,-0.010028875,0.020816893,-2.638923567
0.512,-0.021757352,-0.020431199,0.029846545,-2.387618085
0.516,-0.019902572,-0.031359199,0.037141778,-2.136315272
0.52,-0.013043344,-0.040142737,0.042208627,-1.884959605
0.524,-0.002805675,-0.044594982,0.044683154,-1.63362811
0.528,0.008313292,-0.043579659,0.044365499,-1.382300157
0.532,0.017551837,-0.037300676,0.04122387,-1.130984959
0.536,0.022569896,-0.027282657,0.035408241,-0.879652051
0.54,0.022040628,-0.016016317,0.027245398,-0.62840356
0.544,0.016001638,-0.006335817,0.017210317,-0.377008447
0.548,0.005860185,-7.42E-04,0.005906994,-0.125975804
0.552,-0.005911723,-7.47E-04,0.005958705,-3.01593553
0.556,-0.016413644,-0.006499669,0.017653708,-2.764546335
0.56,-0.022993618,-0.016707161,0.028422451,-2.513236578
0.564,-0.023948535,-0.028945144,0.037567988,-2.262008832
0.568,-0.018941034,-0.040253742,0.044487375,-2.010600198
0.572,-0.009124341,-0.047831827,0.048694325,-1.759290516
0.576,0.003132691,-0.049785914,0.049884376,-1.507955932
0.58,0.014809473,-0.045582072,0.047927505,-1.256657693
0.584,0.022984506,-0.036218309,0.042895843,-1.005316175
0.588,0.025558325,-0.024001835,0.035061604,-0.754002403
0.592,0.021799581,-0.011984626,0.024876756,-0.502662065
0.596,0.012538016,-0.003219483,0.012944764,-0.251347406
0.6,6.11E-07,5.15E-08,6.13E-07,0.084095585
0.604,-0.012738429,-0.003269656,0.013151358,-2.890340087
0.608,-0.02250623,-0.012371814,0.025682527,-2.63897504
0.612,-0.026814922,-0.025179568,0.036783837,-2.387636556
0.616,-0.024495744,-0.038617124,0.045730994,-2.136072003
0.62,-0.016040956,-0.049369663,0.051910267,-1.884951557
0.624,-0.003447224,-0.054795254,0.054903581,-1.633624521
0.628,0.01020466,-0.053495182,0.054459798,-1.382302426
0.632,0.021523493,-0.045743158,0.050553905,-1.131002053
0.636,0.027654365,-0.033428044,0.043384307,-0.879640929
0.64,0.026982301,-0.019603047,0.033351522,-0.628300523
0.644,0.019571542,-0.007749419,0.021049911,-0.377013088
0.648,0.007164397,-9.06E-04,0.007221401,-0.125731065
0.652,-0.00721772,-9.10E-04,0.007274873,-3.016161767
0.656,-0.020017657,-0.007925909,0.021529669,-2.764586071
0.66,-0.028022347,-0.020364232,0.03464035,-2.513161891
0.664,-0.029163901,-0.035261807,0.04575946,-2.261825426
0.668,-0.023052216,-0.048989309,0.054142008,-2.010612556
0.672,-0.01109849,-0.058172375,0.059221632,-1.759317027
0.676,0.003801224,-0.060493139,0.06061245,-1.508041561
0.68,0.017980609,-0.055342325,0.058189993,-1.25665672
0.684,0.027886526,-0.043943602,0.052045158,-1.005324771
0.688,0.030986431,-0.029101901,0.042509758,-0.754045773
0.692,0.026407794,-0.01451945,0.030136124,-0.502702574
0.696,0.015180314,-0.003897997,0.015672789,-0.251349318
0.7,4.95E-07,-3.02E-07,5.79E-07,-0.547779114
0.704,-0.015402219,-0.003952716,0.015901331,-2.890381098
0.708,-0.027196415,-0.014950546,0.031034881,-2.638960688
0.712,-0.032375597,-0.030408116,0.044416582,-2.387521691
0.716,-0.029567046,-0.046589786,0.055179873,-2.136287126
0.72,-0.019347229,-0.059541231,0.062605698,-1.884972454
0.724,-0.00415649,-0.066041674,0.066172344,-1.633650797
0.728,0.012290452,-0.064435145,0.065596823,-1.382318873
0.732,0.025912417,-0.055070458,0.060862211,-1.130999713
0.736,0.033271928,-0.040219602,0.052198061,-0.879655112
0.74,0.032443801,-0.023573383,0.040103673,-0.628350433
0.744,0.023519577,-0.009310928,0.025295531,-0.376949525
0.748,0.008605685,-0.001087121,0.008674079,-0.125660263
0.752,-0.008665463,-0.001094867,0.008734357,-3.015910256
0.756,-0.024023247,-0.009508255,0.025836472,-2.764717468
0.76,-0.033613758,-0.024420891,0.041548341,-2.513292303
0.764,-0.034961415,-0.042260839,0.05484778,-2.261949638
0.768,-0.027618329,-0.058688065,0.064861861,-2.010644716
0.772,-0.01328832,-0.069655512,0.070911704,-1.759303248
0.776,0.004554516,-0.072410135,0.072553231,-1.507980199
0.78,0.021514431,-0.066214654,0.069622203,-1.256637251
0.784,0.033351178,-0.052553892,0.062243174,-1.005316921
0.788,0.037041113,-0.034785378,0.050814039,-0.754003143
0.792,0.031557086,-0.017347694,0.036011,-0.502631438
0.796,0.018130501,-0.004656263,0.018718863,-0.251386506
0.8,9.12E-07,-4.81E-08,9.13E-07,-0.052731208
0.804,-0.018391493,-0.004718075,0.018987028,-2.890472233
0.808,-0.032439618,-0.017833162,0.037018245,-2.638953668
0.812,-0.038610318,-0.036257372,0.052965589,-2.387612207
0.816,-0.035246084,-0.055534088,0.065774777,-2.13632254
0.82,-0.023053926,-0.070949151,0.074600708,-1.884970248
0.824,-0.004950212,-0.078664988,0.078820587,-1.633641233
0.828,0.01463553,-0.076726601,0.078109987,-1.382311477
0.832,0.030844837,-0.065549812,0.072444336,-1.130980395
0.836,0.039591707,-0.047858534,0.062112338,-0.879649855
0.84,0.038594546,-0.028041287,0.047705898,-0.628330537
0.844,0.027969875,-0.011075055,0.030082731,-0.377021965
0.848,0.010232156,-0.001291348,0.010313321,-0.125541207
0.852,-0.010298382,-0.001301063,0.010380242,-3.015921787
0.856,-0.028543847,-0.011300438,0.030699367,-2.764627891
0.86,-0.039926403,-0.029006803,0.049350909,-2.513297508
0.864,-0.041516787,-0.050181429,0.065129252,-2.26198336
0.868,-0.032787357,-0.069674719,0.077003748,-2.010630136
0.872,-0.015766233,-0.082667793,0.084157817,-1.759251127
0.876,0.005404554,-0.085917904,0.08608772,-1.507975402
0.88,0.025521069,-0.078547649,0.082589698,-1.256644078
0.884,0.039551934,-0.062325253,0.073815938,-1.005319652
0.888,0.043921648,-0.041243877,0.06025088,-0.753966554
0.892,0.037403174,-0.020567466,0.042685103,-0.502755366
0.896,0.021488162,-0.00551817,0.022185385,-0.251368803
0.9,8.89E-07,-6.98E-08,8.91E-07,-0.078395199
0.904,-0.021776769,-0.005591164,0.022483078,-2.890272155
0.908,-0.038422996,-0.021121988,0.043845923,-2.638962463
0.912,-0.04572169,-0.042937676,0.062722539,-2.387585407
0.916,-0.041725967,-0.065756666,0.077878081,-2.136234407
0.92,-0.027291367,-0.083988483,0.08831129,-1.88497557
0.924,-0.005859814,-0.093114026,0.093298228,-1.633645037
0.928,0.017320414,-0.09080489,0.092442008,-1.382317186
0.932,0.036497995,-0.077564454,0.085722507,-1.130984617
0.936,0.046842214,-0.056623963,0.073487864,-0.879658546
0.94,0.045656074,-0.03317157,0.056434299,-0.628325555
0.944,0.033083953,-0.013099641,0.035582981,-0.377011435
0.948,0.012099072,-0.001530602,0.012195502,-0.125837296
0.952,-0.012179972,-0.00153717,0.012276588,-3.016051678
0.956,-0.033749643,-0.013358534,0.036297229,-2.764701305
0.96,-0.047204067,-0.034293322,0.058346001,-2.513307954
0.964,-0.049078959,-0.059325395,0.076995109,-2.261953958
0.968,-0.038756009,-0.082359138,0.091022282,-2.010626659
0.972,-0.018640769,-0.097713416,0.099475574,-1.759301153
0.976,0.006386509,-0.101545929,0.101746563,-1.507986243
0.98,0.030161545,-0.092825928,0.097603134,-1.256631479
0.984,0.046739569,-0.073651138,0.087230026,-1.005318023
0.988,0.051898549,-0.048737269,0.071195371,-0.753995414
0.992,0.04420088,-0.024299894,0.05044009,-0.502659245
0.996,0.025388653,-0.00651931,0.026212309,-0.25135001
1,5.52E-07,7.45E-08,5.57E-07,0.134112147
1.004,-0.025727554,-0.006605331,0.026561955,-2.890279159
1.008,-0.045394344,-0.024954369,0.051801226,-2.638961229
1.012,-0.054016949,-0.05072439,0.074099895,-2.387619288
1.016,-0.049300559,-0.077684634,0.092007867,-2.13628659
1.02,-0.032241776,-0.099227774,0.104334478,-1.884962136
1.024,-0.006921701,-0.110002737,0.110220289,-1.633636468
1.028,0.020480364,-0.107265793,0.10920346,-1.38213598
1.032,0.043119614,-0.091634173,0.101272517,-1.130974734
1.036,0.05533973,-0.066895892,0.086819042,-0.879658059
1.04,0.053940256,-0.039190347,0.066674092,-0.62832408
1.044,0.039086826,-0.015476407,0.042039257,-0.377009644
1.048,0.014296082,-0.001804885,0.014409566,-0.125585907
1.052,-0.014390612,-0.001818965,0.014505115,-3.015860021
1.056,-0.039880039,-0.015788451,0.042891639,-2.764626971
1.06,-0.055780302,-0.040525285,0.068947377,-2.513291448
1.064,-0.05800195,-0.070110675,0.090993038,-2.261958186
1.068,-0.045797672,-0.097340967,0.107576441,-2.010556126
1.072,-0.022032833,-0.115491808,0.117574672,-1.759305193
1.076,0.007551106,-0.120030325,0.120267611,-1.507969134
1.08,0.035654246,-0.109735539,0.115382467,-1.256645238
1.084,0.055258906,-0.087076113,0.103129996,-1.005320095
1.088,0.061365404,-0.057627138,0.084181945,-0.753992528
1.092,0.052268766,-0.028735245,0.059646779,-0.502658466
1.096,0.030026197,-0.007710308,0.031000344,-0.251355236
1.1,1.09E-06,6.92E-07,1.29E-06,0.567774441
1.104,-0.030435115,-0.007814555,0.031422341,-2.890260737
1.108,-0.053705903,-0.029525908,0.061287057,-2.638925845
1.112,-0.063926563,-0.060023336,0.08768926,-2.387674452
1.116,-0.058344493,-0.091936754,0.108887311,-2.136280332
1.12,-0.038162197,-0.117447261,0.12349175,-1.884965361
1.124,-0.008193928,-0.130223415,0.13048095,-1.633635566
1.128,0.024228765,-0.127015181,0.129305411,-1.382305905
1.132,0.051061763,-0.108514557,0.119927949,-1.130983248
1.136,0.065545464,-0.079233449,0.102830673,-0.879662025
1.14,0.063900047,-0.046427575,0.078985668,-0.628333621
1.144,0.046312684,-0.018338066,0.049811137,-0.377020556
1.148,0.016941731,-0.002140485,0.017076415,-0.125678009
1.152,-0.017059286,-0.002155994,0.017194987,-3.015876734
1.156,-0.047282184,-0.01872089,0.050853482,-2.764591507
1.16,-0.066148344,-0.048058889,0.081763441,-2.513281004
1.164,-0.068797146,-0.083161069,0.107929656,-2.261949043
1.168,-0.054343287,-0.115483247,0.127630613,-2.010626358
1.172,-0.026144958,-0.137052969,0.13952446,-1.75929686
1.176,0.008963044,-0.142474159,0.142755813,-1.507969161
1.18,0.042350213,-0.130357087,0.137063893,-1.256674335
1.184,0.065625049,-0.103410527,0.122476056,-1.005318386
1.188,0.07289678,-0.0684562,0.10000096,-0.753993661
1.192,0.062103872,-0.034144283,0.070871171,-0.502684387
1.196,0.035688589,-0.009164977,0.036846604,-0.251372229
1.2,4.23E-05,-1.03E-05,4.36E-05,-0.238762322
1.204,-0.036195398,-0.009295328,0.037369907,-2.890215223
1.208,-0.063889627,-0.035126281,0.072909122,-2.638905846
1.212,-0.076064198,-0.071430228,0.10434577,-2.387602092
1.216,-0.069452109,-0.10944452,0.129621365,-2.136260239
1.22,-0.045494239,-0.139836295,0.147050723,-1.885335062
1.224,-0.009759271,-0.155102087,0.155408818,-1.633635083
1.228,0.028870079,-0.151343628,0.154072629,-1.382302437
1.232,0.060866748,-0.129346971,0.142952439,-1.130969028
1.236,0.078157363,-0.094476545,0.122614807,-0.879648662
1.24,0.076223695,-0.055379398,0.094217459,-0.628315457
1.244,0.055265673,-0.021879889,0.059439248,-0.376970183
1.248,0.020224483,-0.002553793,0.020385082,-0.125607557
1.252,-0.020367946,-0.00257158,0.020529643,-3.016000948
1.256,-0.056487382,-0.022363297,0.060753118,-2.764626625
1.26,-0.079059035,-0.057438375,0.097721532,-2.513285517
1.264,-0.082258531,-0.099431163,0.129046589,-2.261958169
1.268,-0.065003262,-0.138135847,0.152666094,-2.010627992
1.272,-0.031287027,-0.164007322,0.166964906,-1.759297516
1.276,0.010730817,-0.170568837,0.170906052,-1.507967186
1.28,0.050703706,-0.156051449,0.164082054,-1.256639865
1.284,0.078636138,-0.12391692,0.146761866,-1.005332263
1.288,0.087390724,-0.082066364,0.119883388,-0.753988391
1.292,0.07449159,-0.040952085,0.085006295,-0.502654691
1.296,0.042825449,-0.010995061,0.044214369,-0.251313274
1.3,1.09E-06,1.22E-06,1.63E-06,0.840901183
1.304,-0.04347709,-0.011162587,0.0448872,-2.890274573
1.308,-0.076783182,-0.042206799,0.087618896,-2.638988957
1.312,-0.091458508,-0.085884134,0.125462119,-2.387616934
1.316,-0.083555772,-0.13166037,0.155935948,-2.136291454
1.32,-0.054698243,-0.168340028,0.177003567,-1.884962318
1.324,-0.011754,-0.186814693,0.187184097,-1.633631464
1.328,0.034789416,-0.182378815,0.185667271,-1.382307137
1.332,0.073387395,-0.155955709,0.172359778,-1.130972258
1.336,0.094291239,-0.1139788,0.147925672,-0.879647113
1.34,0.092011114,-0.066851578,0.113732927,-0.628329846
1.344,0.06675213,-0.026429007,0.071793728,-0.376990722
1.348,0.024444202,-0.003086073,0.02463824,-0.125585266
1.352,-0.02463609,-0.003111371,0.024831785,-3.015964543
1.356,-0.068354853,-0.027063892,0.073517618,-2.764597855
1.36,-0.095730085,-0.069549963,0.118327708,-2.513287902
1.364,-0.099670249,-0.120478109,0.156362186,-2.26195701
1.368,-0.078813738,-0.167479873,0.185097577,-2.010637346
1.372,-0.037960585,-0.198990894,0.202579323,-1.759296936
1.376,0.013026366,-0.207093388,0.207502669,-1.507978162
1.38,0.061602976,-0.189597318,0.199354131,-1.256641485
1.384,0.095611195,-0.150660439,0.178437856,-1.005313565
1.388,0.106329799,-0.099852325,0.145864708,-0.753992218
1.392,0.090701363,-0.049864821,0.103504771,-0.502666038
1.396,0.052184739,-0.013397919,0.053877186,-0.251312223
1.4,1.65E-06,1.43E-07,1.65E-06,0.08644702
1.404,-0.053060573,-0.013622683,0.054781402,-2.890282151
1.408,-0.093779518,-0.051553997,0.107015945,-2.638951991
1.412,-0.111792108,-0.104979129,0.153356099,-2.387613499
1.416,-0.102215687,-0.161065819,0.190762273,-2.136283934
1.42,-0.066973412,-0.206113403,0.216721417,-1.884969229
1.424,-0.014398985,-0.228923852,0.229376243,-1.633612153
1.428,0.042665429,-0.223676316,0.227709098,-1.382314186
1.432,0.090083185,-0.191438499,0.211574288,-1.130977355
1.436,0.115846017,-0.140035879,0.18174253,-0.879653308
1.44,0.113147253,-0.08220712,0.139858183,-0.628323324
1.444,0.082158259,-0.032532117,0.088364689,-0.377026484
1.448,0.030112984,-0.003804394,0.030352351,-0.125671523
1.452,-0.030378802,-0.00383788,0.03062027,-3.015924263
1.456,-0.084373321,-0.033405259,0.090745626,-2.764606683
1.46,-0.118279367,-0.08593324,0.146200309,-2.513283805
1.464,-0.123269104,-0.149008907,0.19338802,-2.261939601
1.468,-0.09757495,-0.207355281,0.229166061,-2.010623095
1.472,-0.047047049,-0.24660209,0.251049827,-1.759312172
1.476,0.016162788,-0.2569268,0.257434683,-1.507970971
1.48,0.076510114,-0.235475262,0.247593208,-1.256638736
1.484,0.118873244,-0.187320556,0.221855445,-1.005324855
1.488,0.132348922,-0.124285246,0.181557317,-0.753987602
1.492,0.113022091,-0.062130197,0.128973464,-0.502626126
1.496,0.0651002,-0.016715759,0.067211997,-0.251339929
1.5,1.27E-06,5.33E-08,1.27E-06,0.041957597
1.504,-0.066349826,-0.017038231,0.06850256,-2.890230025
1.508,-0.117408163,-0.064545605,0.13398064,-2.638938348
1.512,-0.140132888,-0.131590133,0.192232123,-2.387623339
1.516,-0.128289509,-0.202150251,0.239422059,-2.136286738
1.52,-0.084160136,-0.25901176,0.272341734,-1.884962973
1.524,-0.018123533,-0.2880553,0.288624875,-1.633630358
1.528,0.053758314,-0.281824189,0.286905612,-1.382309414
1.532,0.11365545,-0.241531801,0.266936645,-1.130976029
1.536,0.14635877,-0.176919003,0.229611026,-0.879650501
1.54,0.143149617,-0.104008062,0.176944878,-0.628335802
1.544,0.104092132,-0.041212622,0.111953795,-0.37698806
1.548,0.038207247,-0.004826851,0.038510936,-0.12566766
1.552,-0.038600351,-0.004875602,0.038907051,-3.015948245
1.556,-0.107370938,-0.042509483,0.115479758,-2.764615055
1.56,-0.150746534,-0.109522468,0.186332199,-2.513279766
1.564,-0.157349801,-0.190197611,0.246848316,-2.261961233
1.568,-0.124750626,-0.265104392,0.292989859,-2.010625376
1.572,-0.060245654,-0.315808373,0.321503448,-1.759297951
1.576,0.020731558,-0.329554813,0.330206257,-1.507971345
1.58,0.098301032,-0.302545607,0.31811466,-1.256643024
1.584,0.152994205,-0.241085283,0.285533431,-1.005319016
1.588,0.170633515,-0.160237564,0.23407664,-0.753988552
1.592,0.145974453,-0.080251058,0.16657963,-0.502659681
1.596,0.084233077,-0.021627775,0.086965349,-0.251331834
1.6,1.88E-06,3.10E-08,1.88E-06,0.016467451
1.604,-0.086171236,-0.022124162,0.088966064,-2.890274509
1.608,-0.152777678,-0.083989519,0.174342359,-2.638941449
1.612,-0.182703931,-0.171569073,0.250632547,-2.387614308
1.616,-0.167598549,-0.264089297,0.312781761,-2.136289441
1.62,-0.110171794,-0.339065407,0.356515321,-1.88496297
1.624,-0.023777221,-0.377872613,0.378619951,-1.633637382
1.628,0.070675735,-0.370474938,0.37715612,-1.382290713
1.632,0.149734787,-0.31820695,0.351676228,-1.130978598
1.636,0.193247778,-0.233597569,0.30317079,-0.879648326
1.64,0.189438359,-0.137636727,0.23415969,-0.628324414
1.644,0.138071182,-0.054667575,0.148499815,-0.376999426
1.648,0.05079735,-0.006415694,0.051200897,-0.125634576
1.652,-0.05144669,-0.006498237,0.051855463,-3.015947917
1.656,-0.143454232,-0.056795013,0.154288011,-2.764616816
1.66,-0.201916998,-0.146699968,0.24958236,-2.513278396
1.664,-0.211309139,-0.255426275,0.331502843,-2.261951702
1.668,-0.167971172,-0.356949611,0.394496311,-2.010627178
1.672,-0.081336487,-0.426368901,0.434057673,-1.759297022
1.676,0.02806742,-0.446156589,0.447038569,-1.507969771
1.68,0.133458874,-0.410746114,0.431883828,-1.256638446
1.684,0.208313837,-0.328254447,0.388774532,-1.005315665
1.688,0.233016739,-0.218822057,0.319655898,-0.753993124
1.692,0.199950369,-0.10992623,0.22817521,-0.502664751
1.696,0.115737348,-0.029716576,0.119491458,-0.251329644
1.7,2.88E-06,-4.82E-08,2.88E-06,-0.01672682
1.704,-0.11916411,-0.030595911,0.123029244,-2.890267068
1.708,-0.211978369,-0.116535397,0.241899417,-2.638940356
1.712,-0.254369697,-0.238865439,0.348942174,-2.387617951
1.716,-0.234159929,-0.368971401,0.437002022,-2.136289877
1.72,-0.15446604,-0.475444218,0.499906953,-1.884926768
1.724,-0.033461116,-0.531804212,0.532855858,-1.633633482
1.728,0.099839814,-0.523392378,0.532829775,-1.3823056
1.732,0.212356452,-0.451289518,0.498755944,-1.130981113
1.736,0.275167468,-0.332624377,0.431689832,-0.879651919
1.74,0.270852806,-0.196790507,0.334795081,-0.628329224
1.744,0.198242101,-0.078462614,0.21320486,-0.376873431
1.748,0.073254774,-0.009254506,0.073837035,-0.12566741
1.752,-0.074521456,-0.009413495,0.075113656,-3.015938911
1.756,-0.208751202,-0.082651765,0.224518103,-2.764596082
1.76,-0.295215145,-0.214483154,0.364904104,-2.513281227
1.764,-0.310453148,-0.375268069,0.487039301,-2.261953674
1.768,-0.248021292,-0.52706136,0.582501707,-2.01062713
1.772,-0.120721863,-0.6328227,0.644234691,-1.759298712
1.776,0.041879741,-0.665727625,0.667043614,-1.507970894
1.78,0.200232584,-0.616268688,0.647981623,-1.256644769
1.784,0.314319033,-0.49529853,0.586614941,-1.005319684
1.788,0.353658866,-0.33211129,0.485152041,-0.753987509
1.792,0.305309302,-0.167846946,0.348405464,-0.502659195
1.796,0.177829446,-0.045658926,0.18359752,-0.251327858
1.8,4.29E-06,-4.09E-07,4.31E-06,-0.0950001
1.804,-0.185514113,-0.047631765,0.191531385,-2.890266066
1.808,-0.332298989,-0.182680595,0.379202872,-2.638943191
1.812,-0.40161504,-0.377136385,0.550932386,-2.387617351
1.816,-0.372457965,-0.586892697,0.695102851,-2.136288511
1.82,-0.247617654,-0.7620731,0.801292651,-1.884961639
1.824,-0.054065526,-0.859266319,0.860965555,-1.633634059
1.828,0.162658488,-0.852712447,0.868087726,-1.382306551
1.832,0.348806985,-0.741714398,0.819638067,-1.131213259
1.836,0.456255625,-0.551523804,0.715784676,-0.879650836
1.84,0.453309484,-0.329351953,0.560323297,-0.628323346
1.844,0.335027133,-0.132650819,0.360332374,-0.377001938
1.848,0.125060711,-0.015799298,0.126054747,-0.125667296
1.852,-0.128574206,-0.016242406,0.129596073,-3.015931193
1.856,-0.364165016,-0.144180029,0.391668278,-2.764608896
1.86,-0.520983562,-0.37851232,0.643968516,-2.513279643
1.864,-0.554536351,-0.670310462,0.869957861,-2.261953185
1.868,-0.448663245,-0.953444335,1.053733746,-2.010624791
1.872,-0.22130378,-1.160075408,1.180995477,-1.759298174
1.876,0.077852843,-1.237548052,1.239994454,-1.507970173
1.88,0.377725918,-1.162542606,1.222367449,-1.256642564
1.884,0.602183148,-0.948899276,1.123848024,-1.005314641
1.888,0.688683471,-0.646725075,0.944742423,-0.753988602
1.892,0.604861797,-0.33253469,0.690244242,-0.502666382
1.896,0.358788234,-0.092123721,0.37042648,-0.251334106
1.9,7.96E-06,-2.05E-07,7.97E-06,-0.025709926
1.904,-0.389516495,-0.100005563,0.40214949,-2.890277946
1.908,-0.713122804,-0.392036596,0.813779348,-2.638944272
1.912,-0.882200873,-0.8284329,1.210198103,-2.387615755
1.916,-0.838806148,-1.321730152,1.565428487,-2.136288769
1.92,-0.572757388,-1.762731443,1.853448992,-1.884961351
1.924,-0.12870286,-2.045483892,2.049528917,-1.633633985
1.928,0.399396727,-2.093777914,2.131530834,-1.382306653
1.932,0.886093121,-1.883075505,2.08113776,-1.130979855
1.936,1.201509135,-1.45239249,1.884958394,-0.87965184
1.94,1.242170814,-0.902501036,1.535414098,-0.628324386
1.944,0.958957901,-0.379687152,1.031388671,-0.376999105
1.948,0.375580656,-0.04744773,0.378565867,-0.125665958
1.952,-0.407259532,-0.051447949,0.410496307,-3.015931109
1.956,-1.224272341,-0.484714643,1.316734996,-2.764607937
1.96,-1.872946152,-1.360757581,2.315078505,-2.513280221
1.964,-2.151613359,-2.600822926,3.375458479,-2.261952535
1.968,-1.900670432,-4.039069831,4.46392576,-2.010625063
1.972,-1.038878647,-5.445831829,5.544037622,-1.759297319
1.976,0.413023056,-6.565420835,6.578399409,-1.507970271
1.98,2.326923475,-7.161674912,7.530216491,-1.256642841
1.984,4.482119982,-7.062777473,8.364940237,-1.00531519
1.988,6.598407934,-6.196397135,9.051758101,-0.753988651
1.992,8.381819554,-4.608005119,9.564967862,-0.502660397
1.996,9.574571793,-2.458391141,9.885146029,-0.251333187
2,10.00000402,-4.68E-05,10.00000402,-4.68E-06
2.004,9.593777105,2.463206063,9.904945394,0.251321816
2.008,8.415482225,4.626388422,9.60332291,0.50264916
2.012,6.638209937,6.233622146,9.106254786,0.75397648
2.016,4.518217181,7.119481204,8.432158627,1.00530394
2.02,2.350405141,7.233662593,7.605937079,1.256631348
2.024,0.418088692,6.644722625,6.657862789,1.507958751
2.028,-1.053474714,5.522676812,5.622256499,1.759286255
2.032,-1.931302436,4.104285876,4.535977475,2.010613733
2.036,-2.190697124,2.648131654,3.436823409,2.261940455
2.04,-1.91080874,1.388300919,2.36189955,2.513268263
2.044,-1.251542918,0.495530686,1.346072189,2.764594772
2.048,-0.417199726,0.052707617,0.420515998,3.015921787
2.052,0.385446771,0.048691686,0.388510094,0.125659709
2.056,0.986182971,0.390451732,1.060664607,0.376986098
2.06,1.280020674,0.929976592,1.582185004,0.628311953
2.064,1.240612951,1.499626015,1.94627816,0.879640235
2.068,0.916781185,1.948229587,2.153157278,1.130967502
2.072,0.414073534,2.170582748,2.209725403,1.382295109
2.076,-0.13366782,2.12478392,2.128984216,1.633622436
2.08,-0.596136992,1.834754246,1.929171443,1.884950268
2.084,-0.874814677,1.378505119,1.632659512,2.136277174
2.088,-0.921934138,0.86576296,1.264716592,2.387605127
2.092,-0.746746892,0.410533519,0.852155321,2.63893172
2.096,-0.408708576,0.104941193,0.421966058,2.890259122
2.1,-9.05E-06,3.88E-07,9.06E-06,3.098747669
2.104,0.377957513,0.097040521,0.390216279,0.25132127
2.108,0.638478868,0.350999636,0.728598662,0.502646295
2.112,0.728425838,0.684029809,0.99925021,0.753976705
2.116,0.6382203,1.005663382,1.191085215,1.00530475
2.12,0.40114724,1.234579281,1.298115984,1.256631116
2.124,0.082859918,1.316884265,1.319488512,1.507957982
2.128,-0.235953041,1.236944715,1.259248215,1.759286594
2.132,-0.479346474,1.018676927,1.125822244,2.010614073
2.136,-0.593650835,0.717631915,0.931352178,2.26192527
2.14,-0.558873149,0.406051333,0.690808861,2.513266836
2.144,-0.391445176,0.154987697,0.421011297,2.764593611
2.148,-0.138492836,0.017496459,0.139593666,3.015923651
2.152,0.134959471,0.017049252,0.136032113,0.125663018
2.156,0.362299359,0.143444176,0.389662748,0.37699043
2.16,0.491208249,0.35688105,0.607165239,0.628315022
2.164,0.495407208,0.598840381,0.777198883,0.879642611
2.168,0.379687668,0.806866553,0.891737831,1.130968192
2.172,0.177345127,0.929637847,0.946402568,1.382293271
2.176,-0.059051844,0.938686582,0.940542194,1.633622545
2.18,-0.271044201,0.834201563,0.877130097,1.884950911
2.184,-0.408532436,0.64375216,0.762440552,2.136277348
2.188,-0.441412983,0.41451883,0.605533882,2.387605062
2.192,-0.365975402,0.20119838,0.417634748,2.638934263
2.196,-0.204735098,0.052566971,0.211375842,2.890265552
2.2,-3.68E-06,2.09E-07,3.68E-06,3.084907664
2.204,0.197040255,0.050589028,0.203430853,0.251316409
2.208,0.338993062,0.186360613,0.386841795,0.502649387
2.212,0.393480302,0.369498256,0.539773758,0.753976373
2.216,0.35043064,0.552185312,0.653995606,1.005305536
2.22,0.223698379,0.688461318,0.723892223,1.256632152
2.224,0.046892281,0.74524423,0.746718051,1.507957138
2.228,-0.135408331,0.709861603,0.722660994,1.759285073
2.232,-0.278776833,0.592440265,0.654753381,2.010613225
2.236,-0.349672438,0.422693425,0.548580482,2.261932701
2.24,-0.333195356,0.24208364,0.411853899,2.513268143
2.244,-0.236094749,0.093479422,0.253927417,2.764590923
2.248,-0.084461625,0.01067175,0.085133145,3.015908379
2.252,0.083182224,0.01050604,0.083843064,0.125636273
2.256,0.225588419,0.089316821,0.242626522,0.376991299
2.26,0.30885246,0.224391408,0.38176085,0.62831209
2.264,0.314423908,0.380069279,0.493269754,0.879640856
2.268,0.24315813,0.516729676,0.571082685,1.130967649
2.272,0.114561432,0.600529576,0.611359218,1.382293877
2.276,-0.038465768,0.611448491,0.612657222,1.633622787
2.28,-0.177977063,0.547769775,0.575957951,1.884948779
2.284,-0.270346215,0.425991268,0.504535069,2.136289591
2.288,-0.294286963,0.276357269,0.403705532,2.387604249
2.292,-0.245757431,0.135107829,0.280447571,2.638933024
2.296,-0.138442853,0.03554722,0.142933651,2.890257536
2.3,-2.90E-06,2.62E-07,2.92E-06,3.051675872
2.304,0.135013692,0.034666941,0.139393307,0.251336565
2.308,0.233743108,0.128499926,0.266735958,0.502650111
2.312,0.272971063,0.256333884,0.37445996,0.753976384
2.316,0.244545267,0.385337142,0.456384816,1.00530432
2.32,0.157000714,0.483187871,0.508054862,1.256630589
2.324,0.033093601,0.525943891,0.526984025,1.507956869
2.328,-0.096078776,0.503673419,0.512755345,1.759287926
2.332,-0.198837623,0.422557218,0.467002144,2.010614047
2.336,-0.250669518,0.303010734,0.393256548,2.261941299
2.34,-0.240034518,0.174397445,0.29670025,2.513268233
2.344,-0.170897838,0.067663785,0.183805492,2.764598783
2.348,-0.061422321,0.007759029,0.061910452,3.015935585
2.352,0.06076234,0.007676589,0.061245342,0.125672133
2.356,0.165522692,0.065533838,0.178023722,0.376984684
2.36,0.227585257,0.165347505,0.281309166,0.628310298
2.364,0.232659742,0.281233559,0.364997083,0.879639382
2.368,0.180657596,0.383910813,0.424293152,1.130967214
2.372,0.085452653,0.447937645,0.456015669,1.382292201
2.376,-0.028802609,0.457840863,0.458745949,1.633623183
2.38,-0.133768358,0.411702701,0.432889232,1.88495129
2.384,-0.203932753,0.32135141,0.380598603,2.136276233
2.388,-0.222791292,0.20921451,0.305625049,2.387611463
2.392,-0.186701356,0.102640293,0.213054984,2.638936375
2.396,-0.10553215,0.027095865,0.108955131,2.890266893
2.4,-1.41E-06,3.23E-07,1.45E-06,2.916231973
2.404,0.103595762,0.026597055,0.106955529,0.251310966
2.408,0.179922318,0.098910422,0.205317588,0.50264326
2.412,0.210768004,0.197922382,0.289130456,0.753977326
2.416,0.189391613,0.298429873,0.353453776,1.005304259
2.42,0.121953814,0.37532284,0.394639033,1.256627347
2.424,0.025780056,0.409715224,0.410525488,1.50795728
2.428,-0.075058548,0.393480657,0.400575602,1.759287222
2.432,-0.155770042,0.331023543,0.365842715,2.010624705
2.436,-0.19690332,0.238012096,0.308902371,2.261953171
2.44,-0.189045667,0.137311157,0.233650633,2.513407636
2.444,-0.134945638,0.053451885,0.145146234,2.764453388
2.448,-0.04862582,0.006146456,0.049012746,3.015856344
2.452,0.048227266,0.006095053,0.048610892,0.125715396
2.456,0.131683735,0.052140425,0.141630611,0.377011774
2.46,0.181496402,0.131864311,0.224341571,0.628316572
2.464,0.185975975,0.224806437,0.291761885,0.879646165
2.468,0.144740126,0.307584521,0.339938144,1.130968465
2.472,0.068616835,0.359691725,0.366178108,1.382295486
2.476,-0.023177142,0.368459061,0.369187296,1.633616455
2.48,-0.107885553,0.332044708,0.349131752,1.884949292
2.484,-0.164824471,0.259726406,0.307611625,2.136274994
2.488,-0.180443005,0.169450696,0.247534273,2.387600299
2.492,-0.151521461,0.083302987,0.172910789,2.638920804
2.496,-0.085820353,0.022036198,0.088604328,2.890251288
2.5,-9.89E-07,5.11E-08,9.91E-07,3.089975513
2.504,0.084574871,0.021712813,0.087317553,0.251301645
2.508,0.147169234,0.080903809,0.16794109,0.502638324
2.512,0.17272115,0.16219396,0.236937706,0.753976098
2.516,0.155486892,0.245006601,0.290179958,1.005306812
2.52,0.100299583,0.308688253,0.32457425,1.256635042
2.524,0.021239811,0.33757519,0.338242721,1.507960401
2.528,-0.061949561,0.324762051,0.330617812,1.759285606
2.532,-0.128782725,0.273682811,0.302468628,2.01061143
2.536,-0.163076495,0.197120028,0.255832462,2.261960643
2.54,-0.156823528,0.113940751,0.193845593,2.513266659
2.544,-0.112125763,0.044395818,0.120595089,2.764585433
2.548,-0.040466056,0.005112985,0.040787796,3.015906255
2.552,0.040197424,0.005077195,0.040516797,0.125641167
2.556,0.109931432,0.043524148,0.118233968,0.376984947
2.56,0.151743659,0.110247827,0.187565246,0.628316832
2.564,0.155722963,0.188235743,0.244299685,0.879643379
2.568,0.121373258,0.257928965,0.285059325,1.130969862
2.572,0.057622982,0.302061892,0.307509016,1.382295676
2.576,-0.01949338,0.309864805,0.310477357,1.633622839
2.58,-0.090856769,0.279634856,0.294024838,1.884948787
2.584,-0.139000819,0.219034184,0.259417041,2.136274864
2.588,-0.152379084,0.143095803,0.20903539,2.387602333
2.592,-0.128128481,0.07044007,0.146214607,2.638932789
2.596,-0.072665946,0.018657836,0.075023027,2.890260176
2.6,-1.71E-06,2.65E-07,1.73E-06,2.987671372
2.604,0.071797057,0.018433664,0.074125687,0.251318429
2.608,0.125086341,0.068765428,0.142741994,0.502646413
2.612,0.146994041,0.138037605,0.201647287,0.753985899
2.616,0.132493114,0.208773143,0.247266355,1.005304019
2.62,0.085568092,0.263347353,0.27690021,1.256632423
2.624,0.018141443,0.288333082,0.288903233,1.507960802
2.628,-0.052973509,0.277714727,0.282721882,1.759280043
2.632,-0.110254286,0.234305984,0.258950385,2.010613214
2.636,-0.139765536,0.168951242,0.219269074,2.261935863
2.64,-0.134565806,0.097770323,0.166333977,2.513261757
2.644,-0.096317993,0.038137656,0.103593613,2.764577613
2.648,-0.034799154,0.004394929,0.035075583,3.015963644
2.652,0.03460708,0.004370817,0.034882001,0.125633165
2.656,0.094739867,0.037507602,0.10189437,0.37696772
2.66,0.130910974,0.095112317,0.16181482,0.628318166
2.664,0.134483005,0.162561537,0.210978511,0.879644459
2.668,0.104925829,0.222975801,0.246429783,1.130968282
2.672,0.049864337,0.261390623,0.266104321,1.382295567
2.676,-0.016885757,0.268411939,0.268942555,1.633623391
2.68,-0.078778312,0.242463882,0.254940692,1.884944479
2.684,-0.120639854,0.190100516,0.22514924,2.136276997
2.688,-0.132377719,0.124311646,0.181596382,2.38760763
2.692,-0.111416046,0.061252217,0.127143105,2.638932818
2.696,-0.063245867,0.016239272,0.065297424,2.890257925
2.7,-1.28E-06,5.73E-08,1.28E-06,3.096699104
2.704,0.062605211,0.016073856,0.064635759,0.251320971
2.708,0.109171262,0.060017693,0.124581251,0.502656821
2.712,0.128399749,0.120574748,0.176138484,0.75397958
2.716,0.115831844,0.182521899,0.216174142,1.005309945
2.72,0.07487479,0.230438405,0.242297529,1.256633869
2.724,0.015887977,0.252517559,0.253016887,1.507960848
2.728,-0.046434434,0.243423928,0.247813166,1.759287272
2.732,-0.096723109,0.20554583,0.227166124,2.010621622
2.736,-0.122712493,0.148331976,0.192511638,2.261953156
2.74,-0.118240473,0.085908441,0.146154267,2.513264665
2.744,-0.084702045,0.033536952,0.091099745,2.764590925
2.748,-0.030625246,0.003868964,0.030868667,3.015925858
2.752,0.030479567,0.003850117,0.030721774,0.12565249
2.756,0.083508984,0.033062484,0.089815802,0.376980128
2.76,0.115481737,0.083901496,0.14274275,0.628313448
2.764,0.118721939,0.143509343,0.186252061,0.879643108
2.768,0.092698881,0.196991839,0.217712809,1.130966882
2.772,0.044085352,0.23110255,0.23526986,1.382300005
2.776,-0.014940957,0.237479312,0.237948851,1.633628286
2.78,-0.069750799,0.214677515,0.225724632,1.884946518
2.784,-0.106891352,0.16843727,0.199491542,2.136273736
2.788,-0.11737455,0.110222967,0.161015178,2.387606215
2.792,-0.098857513,0.054349225,0.112812438,2.638923477
2.796,-0.056155562,0.014419262,0.057977257,2.890249137
2.8,-5.79E-06,1.27E-06,5.93E-06,2.925245448
2.804,0.055661804,0.014291558,0.057467252,0.251328009
2.808,0.097127703,0.053396052,0.110837399,0.502652023
2.812,0.114311956,0.107345714,0.156813027,0.753980576
2.816,0.103191473,0.162601621,0.192581846,1.005303744
2.82,0.066747063,0.20542359,0.215995421,1.256633131
2.824,0.014172932,0.22525066,0.225696105,1.507958452
2.828,-0.041446882,0.217275018,0.221192851,1.759289471
2.832,-0.086385807,0.18357885,0.202888397,2.01062
2.836,-0.109666329,0.132564667,0.17204678,2.261943568
2.84,-0.105737147,0.076821241,0.130697541,2.513282128
2.844,-0.075789766,0.03000628,0.081513591,2.764613071
2.848,-0.027418785,0.0034643,0.027636771,3.01591093
2.852,0.027304024,0.00344965,0.02752108,0.125676301
2.856,0.074855742,0.02963721,0.080509294,0.376987937
2.86,0.103575905,0.075251707,0.128026511,0.628314788
2.864,0.106542977,0.128782817,0.167141916,0.879624894
2.868,0.083237313,0.176883925,0.195490085,1.130963837
2.872,0.039608851,0.207628251,0.211372542,1.382293128
2.876,-0.013429752,0.213479221,0.21390123,1.633622478
2.88,-0.062737217,0.193087069,0.203023581,1.884952902
2.884,-0.096195555,0.151583771,0.179530567,2.13627157
2.888,-0.105686397,0.099244856,0.144979847,2.387616837
2.892,-0.089063315,0.048964578,0.101635643,2.63892398
2.896,-0.050617593,0.012996644,0.052259482,2.89026051
2.9,-1.23E-06,-2.54E-07,1.26E-06,-2.937701563
2.904,0.050224713,0.012894723,0.051853599,0.251312621
2.908,0.087684045,0.048204814,0.100060961,0.502655721
2.912,0.103252477,0.096960805,0.141642055,0.753983653
2.916,0.093255122,0.146941463,0.174035374,1.005293958
2.92,0.06035024,0.185734754,0.195293498,1.256630436
2.924,0.012821589,0.203759308,0.20416231,1.507954015
2.928,-0.037510695,0.196643147,0.20018886,1.759287018
2.932,-0.078220463,0.166231004,0.183714963,2.010609893
2.936,-0.099347618,0.120093556,0.15586023,2.261934789
2.94,-0.095841323,0.069612957,0.11845473,2.513409631
2.944,-0.068725135,0.027209563,0.073915523,2.764609619
2.948,-0.024876141,0.003143148,0.025073926,3.015906787
2.952,0.024783166,0.003130299,0.024980074,0.125642158
2.956,0.067972572,0.026911722,0.073106165,0.376984459
2.96,0.094094835,0.068362777,0.116306953,0.62831072
2.964,0.096834135,0.117050192,0.151913123,0.87963684
2.968,0.075686426,0.160838711,0.17775693,1.130965853
2.972,0.036031904,0.188876691,0.192282871,1.382291835
2.976,-0.012221886,0.19428305,0.194667096,1.633621169
2.98,-0.057120099,0.175802713,0.184849397,1.884947024
2.984,-0.087617767,0.138072067,0.16352605,2.136254964
2.988,-0.096307558,0.090440481,0.132115958,2.387601232
2.992,-0.081191198,0.044636148,0.092652018,2.638929233
2.996,-0.046164609,0.011852836,0.047661944,2.890269734
3,-8.60E-07,1.03E-07,8.66E-07,3.022080457
3.004,0.045844414,0.011769843,0.047331169,0.251306908
3.008,0.080072179,0.044019779,0.091374476,0.502652199
3.012,0.094324532,0.088576204,0.129394209,0.753979831
3.016,0.085226365,0.134291684,0.159052789,1.005297594
3.02,0.055175504,0.169810241,0.178549305,1.256632734
3.024,0.011726028,0.186365105,0.18673364,1.507959508
3.028,-0.034322011,0.179927215,0.183171513,1.759286841
3.032,-0.071598036,0.15215665,0.168160414,2.010611502
3.036,-0.090973105,0.109968695,0.142720775,2.261941791
3.04,-0.087789152,0.063782306,0.108513215,2.513275962
3.044,-0.062977603,0.024936426,0.067734805,2.764576429
3.048,-0.022805093,0.00288032,0.022986268,3.01595627
3.052,0.022829994,0.002971293,0.023022537,0.129421165
3.056,0.062362844,0.024686866,0.067071348,0.376931087
3.06,0.086354611,0.062740784,0.106740455,0.628322223
3.064,0.088901515,0.107463287,0.139469844,0.879645105
3.068,0.069511889,0.147716601,0.163254699,1.13096375
3.072,0.033103398,0.173528136,0.176657434,1.382294452
3.076,-0.011233033,0.178559268,0.17891225,1.633622803
3.08,-0.052513642,0.161631154,0.16994797,1.884935986
3.084,-0.080586542,0.12698637,0.150398567,2.136274814
3.088,-0.088605459,0.083207231,0.121549869,2.387603425
3.092,-0.074724037,0.041079348,0.0852713,2.638943367
3.096,-0.042502175,0.010913411,0.043880946,2.890249631
3.1,-2.69E-07,2.27E-07,3.52E-07,2.440314084
3.104,0.042236814,0.010844797,0.043606858,0.251332433
3.108,0.073794407,0.040567775,0.084210206,0.502643969
3.112,0.086956751,0.081659332,0.119288403,0.753991446
3.116,0.078593502,0.123848285,0.14668107,1.005326973
3.12,0.050899494,0.156650438,0.164712228,1.25663313
3.124,0.010820559,0.17197694,0.172317011,1.507960495
3.128,-0.031675235,0.166081653,0.169075238,1.759253919
3.132,-0.066112876,0.140498851,0.155276655,2.010614255
3.136,-0.084030407,0.101575593,0.131828337,2.261945355
3.14,-0.081112074,0.058928776,0.100258512,2.513295066
3.144,-0.05820856,0.023046837,0.062605057,2.764595033
3.148,-0.021083783,0.002662498,0.02125123,3.015975784
3.152,0.021019114,0.002653778,0.021185979,0.125590974
3.156,0.057687921,0.022840023,0.062044846,0.376987507
3.16,0.079910256,0.058058188,0.098774502,0.62831844
3.164,0.082291741,0.099472709,0.129099769,0.879641411
3.168,0.064359771,0.136771151,0.151157295,1.130972439
3.172,0.030660584,0.160720441,0.163618861,1.382291644
3.176,-0.010409255,0.16542979,0.165756955,1.633635979
3.18,-0.048668126,0.149788672,0.15749677,1.884948565
3.184,-0.07470471,0.117713843,0.13941787,2.136290474
3.188,-0.08216148,0.077157636,0.112711178,2.38759185
3.192,-0.069307001,0.038104946,0.079091386,2.638903482
3.196,-0.039428481,0.010132904,0.040709715,2.890041801
3.2,-1.15E-06,-2.52E-07,1.18E-06,-2.925761685
3.204,0.039207758,0.010071247,0.040480592,0.251432834
3.208,0.068521438,0.03766908,0.078193011,0.502644745
3.212,0.080766583,0.075843772,0.11079494,0.753975019
3.216,0.073018481,0.115056511,0.136270684,1.00530098
3.22,0.047301343,0.145575977,0.153067901,1.25663184
3.224,0.010058291,0.159862692,0.160178804,1.507960842
3.228,-0.029457452,0.154427502,0.157211942,1.759284579
3.232,-0.061487963,0.130669288,0.144413408,2.010617189
3.236,-0.078171405,0.094493662,0.122636946,2.26194325
3.24,-0.075480426,0.054854398,0.093307554,2.513147034
3.244,-0.054179217,0.021451063,0.058271225,2.764601638
3.248,-0.01962917,0.002478616,0.019785041,3.015985337
3.252,0.019574027,0.002470168,0.019729274,0.125532646
3.256,0.053732919,0.02128328,0.057794503,0.377134498
3.26,0.074452765,0.054096114,0.09203045,0.628345023
3.264,0.076690227,0.092700107,0.12031085,0.879632948
3.268,0.059996233,0.127496228,0.14090719,1.130966538
3.272,0.028587433,0.149856491,0.152558872,1.382295753
3.276,-0.009706329,0.154284739,0.154589758,1.633625315
3.28,-0.045406033,0.139729214,0.146921615,1.884989638
3.284,-0.069706573,0.109837914,0.130089868,2.136291531
3.288,-0.076681196,0.072009924,0.105192371,2.387600103
3.292,-0.064699969,0.035569702,0.07383285,2.638930787
3.296,-0.036820382,0.00945119,0.038014018,2.890333468
3.3,-1.98E-07,-3.06E-07,3.64E-07,-2.146123152
3.304,0.036626774,0.009403168,0.037814549,0.251302065
3.308,0.064026036,0.035199139,0.073063757,0.502661156
3.312,0.075485098,0.070884129,0.103549794,0.753974517
3.316,0.068258722,0.107558616,0.127389595,1.005309992
3.32,0.044227692,0.136117869,0.143122894,1.256634963
3.324,0.009407017,0.14950947,0.149805119,1.507959954
3.328,-0.02755162,0.144462859,0.147066683,1.759250851
3.332,-0.057529499,0.12226245,0.135121242,2.010600264
3.336,-0.073159361,0.0884361,0.114774718,2.26193769
3.34,-0.070652447,0.051333148,0.087331898,2.513263559
3.344,-0.05072557,0.020084087,0.054556888,2.764594488
3.348,-0.018382186,0.00232199,0.018528259,3.015940748
3.352,0.018334886,0.002315882,0.018480566,0.125644774
3.356,0.050344043,0.019931988,0.054146162,0.376980318
3.36,0.069770193,0.050693105,0.086241931,0.628338162
3.364,0.071880043,0.086887799,0.112766264,0.879644551
3.368,0.056244063,0.119522883,0.132095095,1.130967442
3.372,0.026814602,0.140519163,0.143054738,1.382238019
3.376,-0.009103084,0.144695349,0.144981413,1.633625594
3.38,-0.042588048,0.13107464,0.137819821,1.884950867
3.384,-0.06539953,0.103053452,0.122053728,2.136281763
3.388,-0.071959227,0.067577948,0.098716308,2.387582833
3.392,-0.060729901,0.033387033,0.069302344,2.638931659
3.396,-0.034568736,0.008871607,0.035688975,2.89037749
3.4,-3.18E-07,-4.35E-08,3.21E-07,-3.005859171
3.404,0.034399271,0.008831376,0.035514828,0.251304089
3.408,0.060143711,0.033063803,0.068632945,0.502648666
3.412,0.070923777,0.066600875,0.097292645,0.753974855
3.416,0.064145248,0.101074669,0.119710908,1.005300393
3.42,0.041572994,0.127941722,0.13452657,1.256621446
3.424,0.00884284,0.140551257,0.140829158,1.507963733
3.428,-0.025911198,0.135831328,0.138280656,1.759291791
3.432,-0.054104673,0.114981174,0.127074726,2.010609613
3.436,-0.068813623,0.083180175,0.107954881,2.261953833
3.44,-0.066468897,0.048290931,0.082159164,2.513289386
3.444,-0.047732492,0.018898921,0.051337706,2.764596279
3.448,-0.017300605,0.002185809,0.017438139,3.015915641
3.452,0.017258678,0.00218072,0.017395905,0.12568889
3.456,0.047396298,0.018766564,0.050976396,0.377010126
3.46,0.065698955,0.047731015,0.081207158,0.628297914
3.464,0.067700295,0.081834515,0.10620837,0.879639441
3.468,0.052979848,0.112591403,0.124433469,1.130985318
3.472,0.025255538,0.132389026,0.134776469,1.38229362
3.476,-0.008578424,0.136354331,0.13662391,1.633626257
3.48,-0.04013901,0.123536909,0.129894219,1.884951459
3.484,-0.061650258,0.097145922,0.115056875,2.13627993
3.488,-0.06784461,0.063713901,0.093071759,2.387582441
3.492,-0.057268224,0.031482151,0.065351169,2.638955553
3.496,-0.032602824,0.008370211,0.033660133,2.890287424
3.5,-7.64E-07,3.03E-07,8.22E-07,2.764231814
3.504,0.032450304,0.008333021,0.033503156,0.251362063
3.508,0.056753526,0.0312001,0.064764257,0.502649212
3.512,0.066935063,0.062856983,0.091822126,0.753988392
3.516,0.060550163,0.095410225,0.113001917,1.00530223
3.52,0.039247036,0.120788116,0.127004326,1.256632585
3.524,0.008352054,0.132721956,0.132984489,1.507950241
3.528,-0.024470204,0.128282565,0.130595587,1.759284333
3.532,-0.051106091,0.108608442,0.120031771,2.010610539
3.536,-0.065012958,0.078584968,0.101991578,2.261960446
3.54,-0.062774847,0.045600406,0.077589164,2.513359524
3.544,-0.045106987,0.017861994,0.048514855,2.764546453
3.548,-0.016351749,0.002065386,0.016481672,3.015948238
3.552,0.016315553,0.00206141,0.016445263,0.125680391
3.556,0.044814259,0.01774296,0.048198864,0.376986089
3.56,0.062126388,0.045136971,0.076792149,0.628313349
3.564,0.064028336,0.077395761,0.100447656,0.87963832
3.568,0.050117306,0.106501492,0.117704342,1.13096176
3.572,0.023893879,0.125247108,0.127505904,1.382287556
3.576,-0.008117771,0.129016936,0.12927207,1.633633687
3.58,-0.037986367,0.116910567,0.12292699,1.884954212
3.584,-0.058351455,0.09194812,0.108900639,2.136278383
3.588,-0.064224257,0.060311787,0.088103727,2.387600525
3.592,-0.054220498,0.029807692,0.06187375,2.638941776
3.596,-0.030873782,0.007924998,0.031874692,2.890327285
3.6,-9.20E-07,3.50E-06,3.62E-06,1.82791211
3.604,0.030730792,0.007898374,0.031729575,0.251573087
3.608,0.053765226,0.029556427,0.061353744,0.50263688
3.612,0.063419357,0.059554629,0.08699867,0.753981304
3.616,0.057378036,0.090411599,0.107081727,1.005301054
3.62,0.037199863,0.114475327,0.120367895,1.256600916
3.624,0.007915159,0.125802878,0.126051631,1.507961995
3.628,-0.023198803,0.121614142,0.123807044,1.759289223
3.632,-0.048457176,0.102978185,0.11380951,2.010613895
3.636,-0.061649251,0.074521239,0.096716313,2.261946075
3.64,-0.059567652,0.04327794,0.073629378,2.513279536
3.644,-0.042788285,0.016938692,0.04601909,2.764649798
3.648,-0.015511997,0.001959173,0.015635229,3.015957347
3.652,0.015479113,0.001952062,0.015601714,0.125447213
3.656,0.04252699,0.016833869,0.045737556,0.37691474
3.66,0.058957112,0.042814547,0.072863067,0.628093103
3.664,0.060785685,0.073498131,0.095377538,0.87978535
3.668,0.047576068,0.101112873,0.111746568,1.131006051
3.672,0.022686044,0.118923175,0.121067659,1.382298858
3.676,-0.007707882,0.122518765,0.122760984,1.633625371
3.68,-0.036075695,0.111035096,0.116748655,1.884940975
3.684,-0.05542408,0.087339277,0.103440698,2.13625761
3.688,-0.06101286,0.057296945,0.083698919,2.387592511
3.692,-0.051514257,0.028322451,0.058786732,2.638904314
3.696,-0.029334946,0.007531604,0.030286368,2.890275775
3.7,-5.78E-07,-3.39E-07,6.70E-07,-2.610774043
3.704,0.029218922,0.007503064,0.030166892,0.251356961
3.708,0.051109704,0.028100262,0.05832518,0.502691844
3.712,0.060294521,0.056619379,0.082711446,0.753973912
3.716,0.054558691,0.085963735,0.10181559,1.005272781
3.72,0.03537189,0.108862356,0.114464768,1.256634018
3.724,0.00752926,0.119648689,0.119885356,1.507951129
3.728,-0.022066277,0.115679238,0.117765049,1.759285896
3.732,-0.046097663,0.097964595,0.108268447,2.010611141
3.736,-0.058654795,0.070903316,0.092019918,2.261933902
3.74,-0.056680391,0.041182353,0.07006178,2.513255201
3.744,-0.040719255,0.016123906,0.043795411,2.764558821
3.748,-0.014765555,0.0018651,0.014882883,3.015943814
3.752,0.014736117,0.001861557,0.014853234,0.125660506
3.756,0.040486227,0.016030101,0.043544216,0.377001138
3.76,0.056142859,0.040794028,0.069398655,0.628363449
3.764,0.057874077,0.0699581,0.090793968,0.879648459
3.768,0.045309762,0.096290703,0.106418391,1.130983584
3.772,0.021607146,0.113269316,0.11531178,1.382301892
3.776,-0.007341384,0.116706945,0.11693762,1.633617981
3.78,-0.034369959,0.105781375,0.111224968,1.88495137
3.784,-0.052810244,0.083213107,0.098556293,2.136296718
3.788,-0.058140867,0.054598501,0.079758113,2.387605003
3.792,-0.049093825,0.026990707,0.056024119,2.638919873
3.796,-0.027960338,0.007178693,0.028867181,2.890275377
3.8,-4.31E-07,-6.19E-08,4.35E-07,-2.998879247
3.804,0.027854931,0.007151029,0.028758205,0.251297046
3.808,0.048730313,0.026789773,0.05560877,0.50265572
3.812,0.057497252,0.053991827,0.078873642,0.753966655
3.816,0.052029752,0.081985747,0.097101791,1.00530952
3.82,0.03373756,0.103831783,0.109175374,1.256632106
3.824,0.007182586,0.114134992,0.114360771,1.507948582
3.828,-0.021051682,0.110358625,0.112348562,1.759288814
3.832,-0.043982369,0.093468698,0.103299789,2.010613497
3.836,-0.055969054,0.067655304,0.087805325,2.261944252
3.84,-0.054091427,0.039300004,0.066860846,2.513270719
3.844,-0.038863165,0.015388149,0.041798812,2.764576322
3.848,-0.014093571,0.001779678,0.014205492,3.015981606
3.852,0.014069705,0.001778872,0.014181713,0.125765457
3.856,0.038652205,0.01530432,0.041571807,0.377009675
3.86,0.053604414,0.038945532,0.066258491,0.628314201
3.864,0.055266395,0.066804169,0.086701623,0.879635462
3.868,0.043273547,0.091959749,0.101632649,1.130968251
3.872,0.020638281,0.108185694,0.110136656,1.382294023
3.876,-0.007009036,0.111482965,0.11170308,1.633584603
3.88,-0.032833893,0.101054316,0.106254596,1.884949819
3.884,-0.050452571,0.079501433,0.09415912,2.136277872
3.888,-0.055554602,0.052169272,0.076209886,2.387610145
3.892,-0.046916986,0.025792763,0.053539427,2.638938946
3.896,-0.026722534,0.006860763,0.027589199,2.890279895
3.9,-3.37E-07,4.70E-07,5.78E-07,2.192127143
3.904,0.026627861,0.006835993,0.02749134,0.251296425
3.908,0.04658701,0.02561182,0.053163097,0.502661326
3.912,0.0549713,0.051621288,0.075409557,0.753980309
3.916,0.049752224,0.078394951,0.092849621,1.005298058
3.92,0.032268815,0.099291815,0.10440374,1.256573764
3.924,0.006867185,0.109155147,0.109370948,1.50796698
3.928,-0.020134998,0.105555739,0.107458979,1.759284243
3.932,-0.042072323,0.089410088,0.098814191,2.010611326
3.936,-0.053544635,0.064725321,0.084002352,2.2619393
3.94,-0.051753062,0.037601541,0.063970738,2.513264757
3.944,-0.03718705,0.014724278,0.039996013,2.764581
3.948,-0.013486879,0.001703077,0.013593983,3.015980904
3.952,0.01346282,0.001700302,0.013569766,0.125630966
3.956,0.037018452,0.014666155,0.039817859,0.377213244
3.96,0.05131125,0.037280062,0.063424344,0.628321803
3.964,0.052907037,0.063952912,0.08300078,0.87964049
3.968,0.041459314,0.088071726,0.097342199,1.130825504
3.972,0.019762239,0.103588099,0.105456344,1.382284443
3.976,-0.006722133,0.10676121,0.106972628,1.633677505
3.98,-0.031444971,0.096778428,0.101758785,1.884953289
3.984,-0.04832464,0.076147917,0.09018745,2.136280213
3.988,-0.05321338,0.049971676,0.072998851,2.387600567
3.992,-0.044945319,0.024711377,0.05129068,2.638895471
3.996,-0.025599899,0.006576427,0.026431122,2.890137358
